test_idx,y_true,seq_to_seq,seq_to_clin,clin_to_seq,clin_to_clin
5489,1,1.0,0.0,0.0,1.0
2484,0,1e-05,0.99999,0.0,1.0
1947,1,1.0,0.0,1.0,0.0
1124,1,1.0,0.0,1.0,0.0
3344,1,0.999985,1.5e-05,1.0,0.0
3038,0,0.043857,0.956143,0.0,1.0
665,1,1.0,0.0,0.0,1.0
2166,1,1.0,0.0,0.0,1.0
5871,1,0.999994,6e-06,1.0,0.0
3270,1,1.0,0.0,0.0,1.0
586,0,0.000157,0.999843,3e-05,0.99997
1592,1,8.1e-05,0.999919,0.01179,0.98821
944,1,1.0,0.0,1.0,0.0
4688,1,1.0,0.0,1.0,0.0
595,1,1.0,0.0,1.0,0.0
2928,0,0.917387,0.082613,0.898241,0.101759
859,1,0.145871,0.854129,1.0,0.0
3120,1,1.0,0.0,0.0,1.0
3863,1,0.999918,8.2e-05,1.0,0.0
4197,1,0.999996,4e-06,1.0,0.0
5784,0,0.142712,0.857288,0.317175,0.682825
3167,0,0.808354,0.191646,0.0,1.0
471,0,1.0,0.0,0.0,1.0
33,1,1.0,0.0,0.0,1.0
3456,1,1.0,0.0,1.0,0.0
914,1,1.0,0.0,1.0,0.0
4594,1,1.0,0.0,0.0,1.0
5400,0,1.0,0.0,0.0,1.0
760,0,1.0,0.0,0.0,1.0
1137,1,1.0,0.0,0.0,1.0
5888,1,1.0,0.0,0.0,1.0
2954,1,1.0,0.0,0.0,1.0
4646,0,1.0,0.0,0.0,1.0
3632,0,1.0,0.0,0.0,1.0
700,1,1.0,0.0,0.0,1.0
1346,1,1.0,0.0,1.0,0.0
1176,1,1.0,0.0,6e-06,0.999995
2621,0,1.0,0.0,0.0,1.0
5272,1,1.0,0.0,1.0,0.0
767,1,1.0,0.0,1.0,0.0
2245,1,1.0,0.0,1.0,0.0
5932,1,0.999932,6.8e-05,1.0,0.0
4888,1,0.999971,2.9e-05,1.0,0.0
4627,1,0.999942,5.8e-05,1.0,0.0
1857,1,1.0,0.0,0.0,1.0
4361,1,1.0,0.0,0.0,1.0
1134,1,1.0,0.0,1.0,0.0
2440,1,0.915409,0.084591,1.0,0.0
2370,1,1.0,0.0,1.0,0.0
1580,1,0.999998,2e-06,1.0,0.0
3483,1,0.999724,0.000276,1.0,0.0
4626,1,0.999913,8.8e-05,1.0,0.0
2844,1,1.0,0.0,1.0,0.0
5716,1,1.0,0.0,0.0,1.0
6107,1,0.99998,2e-05,1.0,0.0
4315,1,1.0,0.0,0.0,1.0
3279,1,1.0,0.0,0.0,1.0
4879,1,1.0,0.0,1.0,0.0
4700,1,1.0,0.0,1.0,0.0
602,1,1.0,0.0,1.0,0.0
5706,1,1.0,0.0,0.0,1.0
1075,1,1.0,0.0,1.0,0.0
63,1,1.0,0.0,1.0,0.0
5073,0,0.105407,0.894593,0.258541,0.741459
4472,1,1.0,0.0,1.0,0.0
4257,1,1.0,0.0,1.0,0.0
45,1,1.0,0.0,1.0,0.0
5421,0,0.030604,0.969396,0.094109,0.905891
4649,1,1.0,0.0,1.0,0.0
2416,1,1.0,0.0,1.0,0.0
1823,1,1.0,0.0,1.0,0.0
4644,1,1.0,0.0,1.0,0.0
4062,1,1.0,0.0,0.0,1.0
5594,1,0.000199,0.999801,0.927903,0.072097
6255,0,1.0,0.0,0.0,1.0
2819,0,4e-05,0.99996,0.0,1.0
3100,1,1.0,0.0,0.0,1.0
1220,1,0.999885,0.000115,1.0,0.0
1384,1,1.0,0.0,1.0,0.0
3091,0,0.751731,0.248269,0.796214,0.203786
3153,1,1.0,0.0,0.0,1.0
2605,1,1.0,0.0,1e-06,0.999999
638,0,1.0,0.0,0.0,1.0
849,1,0.045084,0.954916,0.998398,0.001602
5431,0,0.007196,0.992804,0.020018,0.979982
2578,1,1.0,0.0,1.0,0.0
5026,1,0.999859,0.000141,1.0,0.0
5247,1,1.0,0.0,1.0,0.0
817,0,4.1e-05,0.999959,3e-06,0.999997
755,0,1.0,0.0,0.0,1.0
2422,1,1.0,0.0,1.0,0.0
1085,1,1.0,0.0,1.0,0.0
4592,1,1.0,0.0,1.0,0.0
3566,0,0.912587,0.087413,0.0,1.0
6005,0,0.665736,0.334264,0.745852,0.254148
3431,1,0.996271,0.003729,1.0,0.0
1978,1,1.0,0.0,5e-06,0.999995
2924,1,0.91405,0.08595,0.895835,0.104165
1474,1,1.0,0.0,1.0,0.0
1272,1,1.0,0.0,0.0,1.0
2101,1,1.0,0.0,0.0,1.0
5549,1,1.0,0.0,1.0,0.0
5891,1,1.0,0.0,1.0,0.0
675,1,1.0,0.0,1.0,0.0
1246,1,1.0,0.0,1.0,0.0
1916,1,1.0,0.0,0.0,1.0
6209,0,1.0,0.0,0.0,1.0
6140,1,1.0,0.0,1.0,0.0
4630,1,1.0,0.0,0.0,1.0
3181,1,0.006429,0.993571,0.999996,4e-06
309,0,2e-06,0.999998,0.0,1.0
2435,1,1.0,0.0,1.0,0.0
4817,1,0.999995,5e-06,1.0,0.0
1404,1,1.0,0.0,1.0,0.0
2209,1,1.0,0.0,1.0,0.0
5658,0,0.263184,0.736816,0.460167,0.539833
5376,1,1.0,0.0,1.0,0.0
6089,0,1.0,0.0,0.0,1.0
6196,0,0.992351,0.007648,0.0,1.0
5886,1,1.0,0.0,1.0,0.0
3842,1,1.0,0.0,0.0,1.0
196,0,1.5e-05,0.999985,0.0,1.0
4822,1,0.993315,0.006685,1.0,0.0
17,0,1.0,0.0,0.0,1.0
5570,1,0.999999,1e-06,1.0,0.0
2426,1,0.999813,0.000187,1.0,0.0
4730,1,0.99998,2e-05,1.0,0.0
4055,1,0.672445,0.327555,1.0,0.0
587,1,0.000157,0.999843,3e-05,0.99997
213,0,2.5e-05,0.999975,1e-06,0.999999
4401,1,1.0,0.0,1.0,0.0
2830,1,0.999922,7.8e-05,1.0,0.0
2386,1,1.0,0.0,1.0,0.0
627,1,1.0,0.0,0.0,1.0
2308,1,1.0,0.0,1.0,0.0
2257,1,1.0,0.0,1.0,0.0
3576,0,0.023545,0.976455,0.073305,0.926696
3565,1,1.0,0.0,1.0,0.0
1037,1,1.0,0.0,1.0,0.0
1828,1,1.0,0.0,0.0,1.0
759,1,1.0,0.0,1.0,0.0
1318,1,1.0,0.0,0.0,1.0
2999,0,1.0,0.0,0.0,1.0
4807,1,1.0,0.0,1.0,0.0
1374,1,1.0,0.0,1.0,0.0
4690,1,1.0,0.0,1.0,0.0
6016,0,0.849641,0.150359,0.853194,0.146806
305,0,2e-06,0.999998,0.0,1.0
1313,1,1.0,0.0,0.0,1.0
103,0,0.003099,0.996901,0.0,1.0
3080,0,0.898453,0.101547,0.885318,0.114682
14,0,1.0,0.0,0.0,1.0
3860,1,1.0,0.0,1.0,0.0
3509,1,0.99992,8e-05,1.0,0.0
4308,1,1.0,0.0,1.0,0.0
5542,1,1.0,0.0,0.0,1.0
2448,1,1.0,0.0,0.0,1.0
3850,1,0.999996,4e-06,1.0,0.0
1261,1,1.0,0.0,1.0,0.0
2560,1,0.000157,0.999843,0.0,1.0
2050,1,1.0,0.0,1.0,0.0
3975,1,0.999944,5.6e-05,1.0,0.0
3828,1,1.0,0.0,1.0,0.0
3365,1,1.0,0.0,1.0,0.0
4022,1,1.0,0.0,1.0,0.0
6197,1,0.001134,0.998866,1.7e-05,0.999983
3308,1,1.0,0.0,0.0,1.0
628,1,1.0,0.0,0.0,1.0
2522,1,0.999692,0.000308,1.0,0.0
4356,1,1.0,0.0,1.0,0.0
3903,1,1.0,0.0,0.996586,0.003414
1195,1,1.0,0.0,1.0,0.0
809,0,4.1e-05,0.999959,3e-06,0.999997
5391,1,1.0,0.0,0.0,1.0
1933,0,1.0,0.0,0.0,1.0
908,1,1.0,0.0,1.0,0.0
4107,1,1.0,0.0,0.0,1.0
3203,1,1.0,0.0,0.0,1.0
5708,0,1.0,0.0,0.0,1.0
5943,1,1.0,0.0,1.0,0.0
577,0,2e-06,0.999998,0.0,1.0
2239,0,1.0,0.0,0.0,1.0
1626,1,1.0,0.0,0.0,1.0
2059,1,1.0,0.0,1.0,0.0
2100,1,1.0,0.0,1.0,0.0
3948,1,1.0,0.0,1.0,0.0
4777,1,1.0,0.0,1.0,0.0
550,1,1.0,0.0,0.0,1.0
424,1,1.0,0.0,0.0,1.0
2144,1,1.0,0.0,1.0,0.0
5613,0,1.0,0.0,0.924845,0.075155
772,1,1.0,0.0,0.0,1.0
141,1,0.000737,0.999263,0.026241,0.973759
4273,1,1.0,0.0,1.0,0.0
5494,0,1.0,0.0,0.0,1.0
3700,1,1.0,0.0,1.0,0.0
5106,1,0.000277,0.999723,0.999995,5e-06
2327,1,1.0,0.0,0.0,1.0
4360,1,0.999999,1e-06,1.0,0.0
3840,0,1.0,0.0,0.0,1.0
4549,1,1.0,0.0,0.0,1.0
3198,0,0.000316,0.999684,2.8e-05,0.999972
2718,0,0.000119,0.999881,1.9e-05,0.999981
5665,1,1.0,0.0,1.0,0.0
2496,1,1.0,0.0,1.0,0.0
2342,1,1.0,0.0,1.0,0.0
6175,1,0.999642,0.000358,1.0,0.0
3375,1,0.999962,3.8e-05,1.0,0.0
1935,0,1.0,0.0,0.0,1.0
1711,1,1.0,0.0,1.0,0.0
831,0,4.4e-05,0.999956,4e-06,0.999996
2678,1,1.0,0.0,1.0,0.0
3155,1,0.999999,1e-06,1.0,0.0
5002,1,1.0,0.0,1.0,0.0
3497,1,1.0,0.0,1.0,0.0
1040,1,1.0,0.0,0.999999,1e-06
1415,1,1.0,0.0,1.0,0.0
4291,1,0.999996,4e-06,1.0,0.0
4381,1,0.999999,1e-06,1.0,0.0
4864,1,0.999999,1e-06,1.0,0.0
520,1,1.0,0.0,1.0,0.0
3697,0,1.0,0.0,0.0,1.0
3101,1,1.0,0.0,1.0,0.0
4066,1,1.0,0.0,1.0,0.0
1495,1,1.0,0.0,1.0,0.0
1777,1,1.0,0.0,1.0,0.0
4531,1,0.999979,2.1e-05,1.0,0.0
3083,0,0.894784,0.105216,0.882826,0.117174
2626,1,1.0,0.0,0.0,1.0
3048,0,1.0,0.0,0.0,1.0
4569,1,1.0,0.0,1.0,0.0
5456,1,0.999949,5.1e-05,1.0,0.0
4419,1,1.0,0.0,0.0,1.0
3921,1,0.999969,3.1e-05,1.0,0.0
2454,0,0.000162,0.999838,3.1e-05,0.999969
4802,1,1.0,0.0,0.0,1.0
443,1,0.091181,0.908819,0.999999,1e-06
3769,0,1.0,0.0,0.0,1.0
1239,1,1.0,0.0,1.0,0.0
4781,1,1.0,0.0,1.0,0.0
2654,1,1.0,0.0,0.020588,0.979412
3814,1,0.999948,5.2e-05,1.0,0.0
3182,1,1.0,0.0,0.0,1.0
2782,0,9.1e-05,0.999909,1.3e-05,0.999987
3169,0,0.931342,0.068658,0.0,1.0
270,1,1.0,0.0,1.0,0.0
5159,0,0.860936,0.139064,0.860658,0.139342
2061,1,1.0,0.0,1.0,0.0
2807,0,4e-05,0.99996,0.0,1.0
3574,0,1.0,0.0,0.0,1.0
3608,1,1.0,0.0,1.0,0.0
243,1,1.0,0.0,1.0,0.0
1612,1,1.0,0.0,0.0,1.0
1154,1,1.0,0.0,1.0,0.0
1066,1,1.0,0.0,1.0,0.0
3932,1,0.999982,1.8e-05,1.0,0.0
5947,1,0.999978,2.2e-05,1.0,0.0
1502,1,1.0,0.0,1.0,0.0
6160,1,0.999993,7e-06,1.0,0.0
2480,0,0.002155,0.997845,0.018038,0.981962
4334,1,1.0,0.0,1.0,0.0
1064,1,1.0,0.0,1.0,0.0
3745,1,0.998252,0.001748,1.0,0.0
2539,0,1.0,0.0,0.0,1.0
2054,1,1.0,0.0,1.0,0.0
985,1,1.0,0.0,1.0,0.0
2341,1,1.0,0.0,1.0,0.0
3796,0,1.0,0.0,0.0,1.0
5920,1,0.999952,4.8e-05,1.0,0.0
4244,1,1.0,0.0,1.0,0.0
804,0,0.999344,0.000656,0.999899,0.000101
4903,1,1.0,0.0,0.0,1.0
4141,1,0.999995,5e-06,1.0,0.0
3300,1,1.0,0.0,1.0,0.0
5123,1,1.0,0.0,0.0,1.0
1180,1,1.0,0.0,0.0,1.0
1022,1,1.0,0.0,0.0,1.0
5841,1,0.352629,0.647371,0.0,1.0
1622,1,1.0,0.0,1.0,0.0
1927,1,1.0,0.0,1.0,0.0
234,1,1.0,0.0,1.0,0.0
3248,0,1.0,0.0,0.0,1.0
5457,1,1.0,0.0,0.0,1.0
5926,1,1.0,0.0,0.0,1.0
3369,1,1.0,0.0,0.0,1.0
1772,1,1.0,0.0,1.0,0.0
5422,0,0.030601,0.969399,0.094102,0.905898
6022,0,1.0,0.0,0.0,1.0
3597,1,0.999744,0.000256,1.0,0.0
1607,1,1.0,0.0,1.0,0.0
2815,0,1.2e-05,0.999988,0.0,1.0
5978,1,0.999994,6e-06,1.0,0.0
3649,1,1.0,0.0,1.0,0.0
341,0,1.0,0.0,0.0,1.0
6018,0,0.665219,0.334781,0.74552,0.25448
116,1,1.0,0.0,1.0,0.0
5904,1,1.0,0.0,1.0,0.0
5804,1,0.10049,0.89951,0.999577,0.000423
4487,1,1.0,0.0,1.0,0.0
425,1,0.977121,0.022879,1.0,0.0
360,1,1.0,0.0,1.0,0.0
3173,0,1.0,0.0,0.0,1.0
1683,1,1.0,0.0,0.999999,1e-06
3874,1,1.0,0.0,0.0,1.0
516,0,1.0,0.0,0.0,1.0
588,1,0.000157,0.999843,3e-05,0.99997
2470,0,0.000273,0.999727,0.0,1.0
1142,1,0.000429,0.999571,3.8e-05,0.999962
4667,1,1.0,0.0,1.0,0.0
4170,1,1.0,0.0,1.0,0.0
1769,1,1.0,0.0,0.999999,1e-06
6042,0,0.664125,0.335875,0.744815,0.255184
982,1,1.0,0.0,1.0,0.0
4005,1,1.0,0.0,1.0,0.0
5033,1,1.0,0.0,0.0,1.0
3459,1,0.999118,0.000882,1.0,0.0
1121,1,1.0,0.0,1.0,0.0
467,1,0.923991,0.076009,1.0,0.0
5510,1,1.0,0.0,0.0,1.0
970,1,1.0,0.0,1.0,0.0
3862,1,0.999993,7e-06,1.0,0.0
1988,1,1.0,0.0,0.0,1.0
2566,0,1.0,0.0,0.0,1.0
5909,1,1.0,0.0,0.0,1.0
5402,1,1.0,0.0,1.0,0.0
4132,1,1.0,0.0,1.0,0.0
5100,0,0.021165,0.978835,0.0,1.0
5419,0,0.001043,0.998957,0.001029,0.998971
21,0,1.0,0.0,0.0,1.0
384,0,0.966381,0.033619,0.0,1.0
533,0,1.0,0.0,0.0,1.0
4029,0,1.0,0.0,0.0,1.0
5275,1,1.0,0.0,1.0,0.0
4180,1,1.0,0.0,0.0,1.0
5764,0,0.909266,0.090734,0.891794,0.108206
999,1,1.0,0.0,0.0,1.0
2794,0,9.1e-05,0.999909,1.3e-05,0.999987
4479,1,1.0,0.0,1.0,0.0
3698,1,0.999964,3.6e-05,1.0,0.0
4268,1,0.999951,4.9e-05,1.0,0.0
915,1,1.0,0.0,1.0,0.0
4788,0,1.0,0.0,0.0,1.0
2728,0,0.000119,0.999881,1.9e-05,0.999981
2660,1,1.0,0.0,0.0,1.0
6033,0,0.849134,0.150866,0.852844,0.147156
3220,1,1.0,0.0,1.0,0.0
3096,0,0.07217,0.92783,0.195556,0.804444
4518,0,1.0,0.0,0.0,1.0
391,0,0.966378,0.033622,0.0,1.0
3569,1,0.070438,0.929562,0.999998,2e-06
4795,1,1.0,0.0,1.0,0.0
3691,1,0.99996,4e-05,1.0,0.0
1729,1,1.0,0.0,0.0,1.0
3452,1,0.999969,3.1e-05,1.0,0.0
4025,1,1.0,0.0,1.0,0.0
221,0,2.5e-05,0.999975,1e-06,0.999999
4933,1,0.999993,7e-06,1.0,0.0
3394,1,1.0,0.0,0.0,1.0
2001,1,1.0,0.0,0.0,1.0
1378,1,1.0,0.0,1.0,0.0
382,1,0.111468,0.888533,1.0,0.0
2585,1,1.0,0.0,1.0,0.0
1631,1,1.0,0.0,1.0,0.0
4894,1,1.0,0.0,1.0,0.0
1371,1,1.0,0.0,1.0,0.0
105,0,4.6e-05,0.999954,0.0,1.0
2748,1,0.999999,1e-06,1e-06,0.999999
1846,1,1.0,0.0,1.0,0.0
522,0,1.0,0.0,0.0,1.0
4115,1,1.0,0.0,0.0,1.0
972,1,1.0,0.0,1.0,0.0
294,0,2e-06,0.999998,0.0,1.0
4476,1,1.0,0.0,1.0,0.0
6025,0,0.84934,0.15066,0.852987,0.147013
2215,1,1.0,0.0,1.0,0.0
4775,1,0.999904,9.6e-05,1.0,0.0
3960,1,0.999974,2.6e-05,1.0,0.0
3957,1,1.0,0.0,0.0,1.0
3072,1,5.9e-05,0.999941,0.999929,7.1e-05
6080,0,0.27305,0.72695,0.469197,0.530803
3637,1,0.999982,1.8e-05,1.0,0.0
2181,1,1.0,0.0,1.0,0.0
3557,1,1.0,0.0,0.0,1.0
932,1,1.0,0.0,1.0,0.0
422,1,1.0,0.0,0.0,1.0
5184,1,0.031972,0.968028,0.098011,0.901989
3549,1,0.999995,5e-06,1.0,0.0
5414,0,0.030633,0.969367,0.094198,0.905802
6076,0,0.273361,0.726639,0.469528,0.530472
623,1,1.0,0.0,1.0,0.0
1343,1,1.0,0.0,1.0,0.0
1996,1,1.0,0.0,1.0,0.0
2141,1,1.0,0.0,1.0,0.0
256,1,1.0,0.0,1.0,0.0
398,0,1.0,0.0,0.0,1.0
5230,0,1.0,0.0,0.0,1.0
3803,1,1.0,0.0,1.0,0.0
4558,1,0.999994,6e-06,1.0,0.0
3965,1,0.999978,2.2e-05,1.0,0.0
696,1,1.0,0.0,1.0,0.0
4887,1,1.0,0.0,0.0,1.0
280,0,4e-06,0.999996,0.0,1.0
3233,1,1.0,0.0,1.0,0.0
6243,1,0.999994,6e-06,1.0,0.0
3138,1,1.0,0.0,0.0,1.0
3959,1,0.999992,8e-06,1.0,0.0
5079,0,0.000329,0.999671,3.6e-05,0.999964
3406,0,1.0,0.0,0.0,1.0
2377,1,1.0,0.0,1.0,0.0
5279,1,1.0,0.0,0.0,1.0
5915,1,1.0,0.0,1.0,0.0
1808,1,1.0,0.0,6e-06,0.999995
5007,1,1.0,0.0,0.0,1.0
713,0,0.000173,0.999827,3.5e-05,0.999965
5584,1,1.0,0.0,1.0,0.0
5860,1,1.0,0.0,1.0,0.0
2339,1,1.0,0.0,1.0,0.0
3558,0,1.0,0.0,0.0,1.0
1125,1,1.0,0.0,1.0,0.0
1402,1,1.0,0.0,1.0,0.0
6219,0,1.0,0.0,1.0,0.0
5325,1,1.0,0.0,1.0,0.0
4973,1,1.0,0.0,1.0,0.0
3045,0,0.023847,0.976153,0.0,1.0
3468,1,1.0,0.0,1.0,0.0
1973,0,1.0,0.0,0.0,1.0
263,1,1.0,0.0,0.0,1.0
3379,1,1.0,0.0,1.0,0.0
1858,1,1.0,0.0,1.0,0.0
2222,1,1.0,0.0,1.0,0.0
2952,1,0.979017,0.020983,1.0,0.0
1538,1,1.0,0.0,1.0,0.0
4198,1,1.0,0.0,0.0,1.0
2790,0,9.8e-05,0.999902,1.4e-05,0.999986
1292,1,1.0,0.0,1.0,0.0
5068,0,0.020763,0.979237,0.064789,0.935211
1481,0,1.0,0.0,0.0,1.0
3709,1,0.999978,2.2e-05,1.0,0.0
1702,1,1.0,0.0,1.0,0.0
5347,1,1.0,0.0,1.0,0.0
4593,1,0.999999,1e-06,1.0,0.0
2865,0,0.649185,0.350815,0.999969,3.1e-05
2048,1,1.0,0.0,0.999999,1e-06
3550,1,1.0,0.0,0.0,1.0
1260,1,1.0,0.0,1.0,0.0
4130,1,0.999972,2.8e-05,1.0,0.0
1960,0,1.0,0.0,0.0,1.0
3751,1,1.0,0.0,1.0,0.0
1351,1,1.0,0.0,1.0,0.0
4963,1,1.0,0.0,0.0,1.0
1924,1,1.0,0.0,1.0,0.0
1941,1,1.0,0.0,0.0,1.0
2546,0,0.000157,0.999843,0.0,1.0
4960,1,1.0,0.0,1.0,0.0
3594,0,0.778256,0.221744,0.81129,0.18871
4261,1,1.0,0.0,0.0,1.0
820,0,4.4e-05,0.999956,4e-06,0.999996
967,1,1.0,0.0,1.0,0.0
5078,0,0.105309,0.894691,0.258356,0.741644
6126,1,1.0,0.0,1.0,0.0
3867,1,1.0,0.0,0.0,1.0
2618,0,1.0,0.0,0.0,1.0
1377,1,0.999995,5e-06,1.0,0.0
1655,1,1.0,0.0,1.0,0.0
2084,1,1.0,0.0,1.0,0.0
1170,1,1.0,0.0,1.0,0.0
5069,0,0.020761,0.979239,0.064782,0.935218
1989,1,1.0,0.0,0.0,1.0
1114,1,1.0,0.0,1.0,0.0
2961,1,0.999983,1.7e-05,1.0,0.0
2580,0,1.0,0.0,0.0,1.0
850,1,0.003715,0.996285,0.999999,1e-06
1892,1,1.0,0.0,0.0,1.0
5074,0,0.105407,0.894593,0.258541,0.741459
4175,0,1.0,0.0,1.0,0.0
4330,1,0.999995,5e-06,1.0,0.0
2410,1,1.0,0.0,0.0,1.0
16,0,1.0,0.0,0.0,1.0
1051,1,1.0,0.0,1.0,0.0
431,1,1.0,0.0,0.0,1.0
2600,1,1.0,0.0,1.0,0.0
707,0,0.000173,0.999827,3.5e-05,0.999965
160,1,1.0,0.0,0.0,1.0
102,0,1.0,0.0,0.0,1.0
4803,1,0.999909,9.1e-05,1.0,0.0
3432,1,0.998512,0.001488,1.0,0.0
5897,1,1.0,0.0,0.0,1.0
37,1,1.0,0.0,0.0,1.0
2457,0,1.4e-05,0.999986,0.0,1.0
4561,0,1.0,0.0,0.0,1.0
6092,0,0.272492,0.727508,0.468604,0.531396
4498,1,1.0,0.0,1.0,0.0
3916,1,1.0,0.0,0.0,1.0
2449,1,0.177608,0.822392,1.0,0.0
4521,1,1.0,0.0,1.0,0.0
2152,1,1.0,0.0,0.0,1.0
2709,0,0.000207,0.999793,4.4e-05,0.999956
371,1,1.0,0.0,1.0,0.0
1897,0,1.0,0.0,0.0,1.0
2466,0,6.7e-05,0.999933,8e-06,0.999992
5389,1,1.0,0.0,0.0,1.0
5508,1,0.999999,1e-06,1.0,0.0
71,1,1.0,0.0,1.0,0.0
2847,1,1.0,0.0,0.0,1.0
2126,1,1.0,0.0,1.0,0.0
917,1,1.0,0.0,1.0,0.0
876,1,0.999983,1.7e-05,1.0,0.0
4376,1,1.0,0.0,1.0,0.0
5604,1,0.967075,0.032925,0.999994,6e-06
5868,1,1.0,0.0,0.0,1.0
1299,1,1.0,0.0,1.0,0.0
4114,1,1.0,0.0,1.0,0.0
5119,1,1.0,0.0,0.0,1.0
5844,1,0.999972,2.8e-05,0.0,1.0
6144,1,0.999995,5e-06,1.0,0.0
1370,1,1.0,0.0,1.0,0.0
3340,1,1.0,0.0,0.0,1.0
2861,0,1.0,0.0,0.0,1.0
5553,1,1.0,0.0,1.0,0.0
1668,1,1.0,0.0,1.0,0.0
2368,1,1.0,0.0,1.0,0.0
1407,1,1.0,0.0,1.0,0.0
2216,1,1.0,0.0,1.0,0.0
3351,1,1.0,0.0,1.0,0.0
3450,1,0.999988,1.2e-05,1.0,0.0
4877,1,0.999904,9.6e-05,1.0,0.0
5160,0,0.860924,0.139076,0.860648,0.139352
4199,1,1.0,0.0,1.0,0.0
3119,1,1.0,0.0,0.0,1.0
1438,1,1.0,0.0,1.0,0.0
2925,0,0.917449,0.082551,0.89829,0.10171
6027,0,0.709334,0.290666,0.770859,0.229141
3883,1,1.0,0.0,0.0,1.0
3938,1,1.0,0.0,1.0,0.0
237,1,1.0,0.0,1.0,0.0
2869,0,1.0,0.0,0.0,1.0
5645,0,1.0,0.0,0.0,1.0
973,1,1.0,0.0,1.0,0.0
2846,1,1.0,0.0,1.0,0.0
2242,1,1.0,0.0,1.0,0.0
4042,1,0.999978,2.2e-05,1.0,0.0
4411,1,1.0,0.0,1.0,0.0
1647,1,1.0,0.0,1.0,0.0
5186,1,0.031972,0.968028,0.098011,0.901989
2542,0,2e-06,0.999998,0.0,1.0
1630,1,1.0,0.0,0.0,1.0
5038,1,0.999686,0.000313,1.0,0.0
1753,1,1.0,0.0,1.0,0.0
3082,0,0.891352,0.108648,0.880354,0.119646
5521,1,0.999994,6e-06,1.0,0.0
5806,1,1.0,0.0,1.0,0.0
4827,1,0.999995,5e-06,1.0,0.0
5817,1,6.9e-05,0.999931,0.29967,0.70033
4463,1,1.0,0.0,1.0,0.0
4704,1,0.999993,7e-06,1.0,0.0
1324,1,1.0,0.0,1.0,0.0
1637,0,1.0,0.0,0.0,1.0
2558,0,0.001096,0.998904,0.915001,0.084999
1820,1,1.0,0.0,1.0,0.0
1410,1,1.0,0.0,1.0,0.0
636,1,1.0,0.0,0.0,1.0
5288,1,1.0,0.0,1.0,0.0
4728,1,1.0,0.0,0.0,1.0
4462,1,1.0,0.0,1.0,0.0
1834,1,1.0,0.0,0.0,1.0
1756,1,1.0,0.0,0.0,1.0
1780,1,1.0,0.0,1.0,0.0
1614,0,1.0,0.0,0.0,1.0
6174,1,0.99995,5e-05,1.0,0.0
1420,1,1.0,0.0,1.0,0.0
2958,1,0.464492,0.535508,0.99999,1e-05
6200,1,0.999976,2.4e-05,1.0,0.0
2019,1,1.0,0.0,0.0,1.0
1257,1,1.0,0.0,0.0,1.0
4397,1,1.0,0.0,1.0,0.0
1200,1,1.0,0.0,1.0,0.0
773,1,1.0,0.0,1.0,0.0
4907,1,1.0,0.0,1.0,0.0
1673,1,1.0,0.0,1.0,0.0
580,0,0.000157,0.999843,3e-05,0.99997
5287,1,1.0,0.0,1.0,0.0
4182,1,1.0,0.0,1.0,0.0
3242,0,1.0,0.0,0.0,1.0
2351,1,1.0,0.0,1.0,0.0
5668,1,1.0,0.0,0.0,1.0
2012,1,1.0,0.0,1.0,0.0
5345,1,1.0,0.0,1.0,0.0
2774,0,9.1e-05,0.999909,1.3e-05,0.999987
1190,1,1.0,0.0,1.0,0.0
1297,1,1.0,0.0,1.0,0.0
1898,1,1.0,0.0,0.0,1.0
2369,1,1.0,0.0,1.0,0.0
1665,1,1.0,0.0,1.0,0.0
1696,1,1.0,0.0,0.0,1.0
5532,1,1.0,0.0,1.0,0.0
5124,1,1.0,0.0,0.0,1.0
2770,1,1.0,0.0,0.0,1.0
635,1,0.999999,1e-06,1.0,0.0
3244,0,1.0,0.0,0.0,1.0
4815,1,1.0,0.0,1.0,0.0
225,1,1.0,0.0,0.997752,0.002248
93,1,1.0,0.0,0.0,1.0
4599,1,1.0,0.0,1.0,0.0
3081,0,0.898445,0.101555,0.885313,0.114687
2148,1,1.0,0.0,0.0,1.0
3989,1,0.99997,3e-05,1.0,0.0
4,0,1.0,0.0,0.0,1.0
5010,1,0.999904,9.6e-05,1.0,0.0
3239,1,1.0,0.0,0.0,1.0
2099,1,1.0,0.0,0.0,1.0
2359,1,0.99996,4e-05,1.0,0.0
1827,0,1.0,0.0,0.0,1.0
2538,0,1.0,0.0,1.7e-05,0.999983
2383,1,1.0,0.0,0.0,1.0
4522,1,0.999976,2.4e-05,1.0,0.0
1692,1,1.0,0.0,0.0,1.0
5048,1,1.0,0.0,0.0,1.0
5049,1,3e-06,0.999997,0.000922,0.999078
4714,1,0.999998,2e-06,1.0,0.0
5963,1,1.0,0.0,1.0,0.0
5487,1,1.0,0.0,1.0,0.0
67,1,1.0,0.0,1.0,0.0
532,0,1.0,0.0,0.0,1.0
1469,1,1.0,0.0,1.0,0.0
2391,1,1.0,0.0,1.0,0.0
4687,1,1.0,0.0,1.0,0.0
619,1,1.0,0.0,0.0,1.0
35,1,1.0,0.0,1.0,0.0
997,1,1.0,0.0,1.0,0.0
2685,1,1.0,0.0,0.0,1.0
3494,1,1.0,0.0,1.0,0.0
3247,0,1.0,0.0,0.0,1.0
5386,1,0.999993,7e-06,1.0,0.0
2031,1,1.0,0.0,1.0,0.0
4859,1,0.999967,3.3e-05,1.0,0.0
5738,1,1.0,0.0,1.0,0.0
1835,1,1.0,0.0,0.999999,1e-06
4647,1,0.999979,2.1e-05,1.0,0.0
5052,1,9.9e-05,0.999901,0.998866,0.001134
3128,1,0.999948,5.2e-05,1.0,0.0
4156,1,1.0,0.0,1.0,0.0
5273,1,0.999998,2e-06,1.0,0.0
4276,1,1.0,0.0,0.0,1.0
259,1,1.0,0.0,1.0,0.0
1367,1,1.0,0.0,5e-06,0.999995
302,0,2e-06,0.999998,0.0,1.0
2948,1,1e-06,0.999999,0.0,1.0
4116,1,1.0,0.0,1.0,0.0
2938,0,0.937237,0.062763,0.912939,0.087061
2829,1,1.0,0.0,0.999999,1e-06
47,1,1.0,0.0,1.0,0.0
3667,1,0.993607,0.006393,1.0,0.0
2552,0,0.000157,0.999843,0.0,1.0
4275,1,0.999993,7e-06,1.0,0.0
5906,1,1.0,0.0,0.0,1.0
3906,1,0.999962,3.8e-05,1.0,0.0
1345,1,1.0,0.0,0.0,1.0
1977,1,1.0,0.0,1.0,0.0
2255,1,1.0,0.0,1.0,0.0
4748,1,1.0,0.0,1.0,0.0
4189,1,0.999996,4e-06,1.0,0.0
5810,1,1.0,0.0,0.0,1.0
474,0,1.0,0.0,0.0,1.0
2077,1,1.0,0.0,1.0,0.0
5168,0,0.032044,0.967956,0.098221,0.901779
4832,1,1.0,0.0,1.0,0.0
4969,1,0.99998,2e-05,1.0,0.0
987,1,1.0,0.0,0.0,1.0
4435,1,1.0,0.0,1.0,0.0
1853,1,1.0,0.0,1.0,0.0
2994,1,0.999993,7e-06,1.0,0.0
5181,0,0.031993,0.968007,0.098072,0.901928
2499,1,1.0,0.0,1.0,0.0
3107,1,0.635549,0.364451,1.0,0.0
2303,1,1.0,0.0,1.0,0.0
5348,1,1.0,0.0,1.0,0.0
3457,1,1.0,0.0,1.0,0.0
5430,0,0.007198,0.992802,0.020024,0.979976
5786,0,1.0,0.0,0.0,1.0
605,1,0.057719,0.942281,0.997944,0.002056
5828,0,0.048422,0.951578,0.0,1.0
2165,1,1.0,0.0,1.0,0.0
1249,1,1.0,0.0,1.0,0.0
4078,1,0.998024,0.001976,1.0,0.0
2824,1,0.465104,0.534896,0.002316,0.997684
5245,0,1.0,0.0,0.0,1.0
4253,1,1.0,0.0,1.0,0.0
4986,1,0.999887,0.000113,1.0,0.0
3356,1,1.0,0.0,1.0,0.0
4944,1,0.999994,6e-06,1.0,0.0
1333,1,1.0,0.0,1.0,0.0
31,1,1.0,0.0,1.0,0.0
4168,1,0.999979,2.1e-05,1.0,0.0
959,1,1.0,0.0,1.0,0.0
180,1,1.0,0.0,1.0,0.0
3228,1,1.0,0.0,1.0,0.0
4752,1,1.0,0.0,0.0,1.0
5228,1,1.0,0.0,1.0,0.0
2612,1,1.0,0.0,1.0,0.0
5780,0,0.142774,0.857225,0.317272,0.682728
3419,1,1.0,0.0,0.0,1.0
3894,1,1.0,0.0,0.0,1.0
3000,1,1.0,0.0,1.0,0.0
3313,1,0.999981,1.9e-05,1.0,0.0
5121,1,0.844624,0.155376,0.0,1.0
6138,1,1.0,0.0,1.0,0.0
2510,1,1.0,0.0,1.0,0.0
3402,1,0.999964,3.6e-05,1.0,0.0
1023,1,1.0,0.0,1.0,0.0
2405,0,1.0,0.0,0.0,1.0
778,1,1.0,0.0,0.0,1.0
2219,1,1.0,0.0,1.0,0.0
4921,1,0.999992,8e-06,1.0,0.0
2653,1,1.0,0.0,1.0,0.0
6139,1,1.0,0.0,1.0,0.0
591,1,1.0,0.0,1.0,0.0
5946,1,0.999994,6e-06,1.0,0.0
966,1,1.0,0.0,0.999999,1e-06
3206,1,0.997757,0.002243,1.0,0.0
1798,1,1.0,0.0,1.0,0.0
3004,1,0.999957,4.3e-05,1.0,0.0
1661,1,1.0,0.0,1.0,0.0
3524,1,1.0,0.0,1.0,0.0
578,0,0.308021,0.691979,0.186094,0.813905
5573,1,1.0,0.0,1.0,0.0
4135,1,1.0,0.0,0.0,1.0
660,1,0.727562,0.272438,1.0,0.0
5077,0,0.109289,0.890711,0.06982,0.93018
3927,1,0.999993,7e-06,1.0,0.0
2821,0,1.2e-05,0.999988,0.0,1.0
561,0,1.0,0.0,0.0,1.0
1128,1,1.0,0.0,1.0,0.0
2477,0,1.0,0.0,0.0,1.0
3855,1,1.0,0.0,0.0,1.0
203,0,1.5e-05,0.999985,0.0,1.0
3428,1,1.0,0.0,1.0,0.0
6142,1,0.999928,7.2e-05,1.0,0.0
1230,1,1.0,0.0,1.0,0.0
1689,1,1.0,0.0,1.0,0.0
61,1,1.0,0.0,1.0,0.0
4231,1,1.0,0.0,1.0,0.0
4578,1,0.999999,1e-06,1.0,0.0
2282,1,0.998184,0.001816,1.0,0.0
995,1,1.0,0.0,1.0,0.0
5034,1,0.997479,0.002521,1.0,0.0
1743,1,1.0,0.0,0.0,1.0
732,0,0.000209,0.999791,4.5e-05,0.999955
2380,1,1.0,0.0,1.0,0.0
2892,0,1.0,0.0,0.0,1.0
906,1,1.0,0.0,0.0,1.0
1757,1,1.0,0.0,1.0,0.0
348,1,1.0,0.0,0.0,1.0
3845,0,1.0,0.0,0.0,1.0
5682,1,1.0,0.0,0.0,1.0
5540,1,0.999994,6e-06,1.0,0.0
1624,1,1.0,0.0,1.0,0.0
2265,1,1.0,0.0,1.0,0.0
6024,0,0.84943,0.15057,0.853048,0.146952
4790,1,1.0,0.0,1.0,0.0
2951,1,1.0,0.0,0.0,1.0
2565,0,0.999995,5e-06,0.0,1.0
3342,1,1.0,0.0,1.0,0.0
4941,1,1.0,0.0,1.0,0.0
3806,1,1.0,0.0,1.0,0.0
2564,1,0.999995,5e-06,0.0,1.0
456,1,0.000589,0.999411,0.99962,0.00038
3690,1,1.0,0.0,0.0,1.0
2667,1,1.0,0.0,1.0,0.0
1186,1,1.0,0.0,1.0,0.0
3135,1,1.0,0.0,0.0,1.0
1092,1,1.0,0.0,0.0,1.0
1381,1,1.0,0.0,0.012267,0.987733
5251,1,0.999948,5.2e-05,1.0,0.0
926,1,1.0,0.0,1.0,0.0
2325,1,1.0,0.0,1.0,0.0
3126,1,1.0,0.0,1.0,0.0
5229,1,1.0,0.0,0.0,1.0
902,1,1.0,0.0,1.0,0.0
2590,1,1.0,0.0,1.0,0.0
464,1,1.0,0.0,0.0,1.0
1250,1,1.0,0.0,1.0,0.0
5688,1,0.999996,4e-06,1.0,0.0
6145,1,1.0,0.0,1.0,0.0
4797,1,1.0,0.0,1.0,0.0
3826,1,1.0,0.0,0.0,1.0
3102,1,0.999982,1.8e-05,1.0,0.0
5203,1,1.0,0.0,1.0,0.0
5416,0,0.0562,0.9438,0.159954,0.840046
5461,1,0.99999,1e-05,1.0,0.0
3534,0,1.0,0.0,0.0,1.0
1907,1,1.0,0.0,1.0,0.0
5598,1,1e-06,0.999999,0.0,1.0
2599,1,1.0,0.0,1.0,0.0
801,1,1.0,0.0,0.0,1.0
3676,1,0.999997,3e-06,1.0,0.0
871,1,1.0,0.0,1.0,0.0
5610,0,0.329254,0.670746,0.520626,0.479374
2490,1,0.000942,0.999058,0.684608,0.315392
297,0,2e-06,0.999998,0.0,1.0
5005,1,0.999973,2.7e-05,1.0,0.0
1658,1,1.0,0.0,1.0,0.0
3377,1,1.0,0.0,0.0,1.0
151,0,1.0,0.0,0.0,1.0
2232,1,1.0,0.0,1.0,0.0
3625,1,1.0,0.0,1.0,0.0
5162,0,0.032095,0.967905,0.098372,0.901628
676,1,1.0,0.0,1.0,0.0
351,1,1.0,0.0,0.0,1.0
4767,1,1.0,0.0,1.0,0.0
122,1,1.0,0.0,0.0,1.0
1467,1,1.0,0.0,1.0,0.0
905,1,1.0,0.0,1.0,0.0
1552,1,1.0,0.0,0.999999,1e-06
4935,1,1.0,0.0,1.0,0.0
3846,1,1.0,0.0,0.0,1.0
5672,1,1.0,0.0,1.0,0.0
5894,1,0.999977,2.3e-05,1.0,0.0
3127,1,1.0,0.0,0.0,1.0
5631,0,0.025518,0.974482,0.347662,0.652338
4414,1,0.996253,0.003747,1.0,0.0
5243,1,0.999948,5.2e-05,1.0,0.0
2940,0,0.937231,0.062769,0.912934,0.087066
1273,1,1.0,0.0,1.0,0.0
4761,1,1.0,0.0,0.0,1.0
376,1,1.0,0.0,0.0,1.0
5316,1,1.0,0.0,0.0,1.0
3624,1,0.999997,3e-06,1.0,0.0
4643,1,1.0,0.0,0.0,1.0
5375,1,1.0,0.0,1.0,0.0
5728,1,0.999922,7.8e-05,1.0,0.0
946,1,1.0,0.0,1.0,0.0
1223,1,1.0,0.0,1.0,0.0
2852,1,1.0,0.0,1.0,0.0
2124,1,1.0,0.0,1.0,0.0
6081,0,0.273043,0.726957,0.469189,0.530811
5385,1,0.999972,2.8e-05,1.0,0.0
672,1,1.0,0.0,0.0,1.0
2759,1,1.0,0.0,0.0123,0.9877
5155,0,0.861084,0.138916,0.860761,0.139239
138,1,1.0,0.0,0.0,1.0
4766,1,1.0,0.0,0.0,1.0
1963,0,1.0,0.0,0.033275,0.966725
1254,1,1.0,0.0,1.0,0.0
4065,1,0.997455,0.002545,1.0,0.0
52,1,1.0,0.0,0.0,1.0
5709,0,1.0,0.0,0.0,1.0
3278,1,0.999992,8e-06,1.0,0.0
3358,1,0.999998,2e-06,1.0,0.0
5695,1,0.597624,0.402376,0.999995,5e-06
260,1,1.0,0.0,0.999998,2e-06
1379,1,1.0,0.0,0.0,1.0
1079,1,1.0,0.0,1.0,0.0
3771,1,0.999998,2e-06,1.0,0.0
3044,0,1.0,0.0,0.0,1.0
2025,1,1.0,0.0,1.0,1e-06
769,1,1.0,0.0,1.0,0.0
928,1,1.0,0.0,1.0,0.0
4970,1,1.0,0.0,1.0,0.0
925,1,1.0,0.0,1.0,0.0
3682,1,1.0,0.0,0.0,1.0
460,1,0.999985,1.5e-05,1.0,0.0
4282,1,0.999973,2.7e-05,1.0,0.0
723,0,0.000173,0.999827,3.5e-05,0.999965
395,0,0.966376,0.033624,0.0,1.0
3352,1,0.999995,5e-06,1.0,0.0
2963,1,1.0,0.0,0.0,1.0
2357,1,1.0,0.0,0.0,1.0
2355,1,1.0,0.0,1.0,0.0
724,0,0.000173,0.999827,3.5e-05,0.999965
1241,1,1.0,0.0,0.0,1.0
2485,0,5e-06,0.999995,0.0,1.0
5950,1,1.0,0.0,1.0,0.0
1910,1,1.0,0.0,1.0,0.0
3673,1,0.999999,1e-06,1.0,0.0
4686,1,1.0,0.0,1.0,0.0
4543,1,0.999993,7e-06,1.0,0.0
3218,1,1.0,0.0,1.0,0.0
5659,0,0.263175,0.736825,0.460156,0.539844
2159,1,1.0,0.0,1.0,0.0
1274,1,1.0,0.0,1e-06,0.999999
483,1,1.0,0.0,0.0,1.0
1833,1,1.0,0.0,0.0,1.0
40,1,1.0,0.0,1.0,0.0
2326,1,1.0,0.0,1.0,0.0
1096,0,1.0,0.0,0.0,1.0
2353,1,1.0,0.0,1.0,0.0
3578,0,0.023538,0.976462,0.073285,0.926715
4988,1,0.999999,1e-06,1.0,0.0
1167,1,1.0,0.0,1.0,0.0
1227,1,1.0,0.0,1.0,0.0
2721,0,0.000119,0.999881,1.9e-05,0.999981
4682,1,1.0,0.0,1.0,0.0
600,1,1.0,0.0,1.0,0.0
4379,1,0.9999,0.0001,1.0,0.0
227,1,0.929384,0.070616,1.0,0.0
4610,1,1.0,0.0,0.0,1.0
4885,1,1.0,0.0,1.0,0.0
3144,1,1.0,0.0,1.0,0.0
2825,1,1.0,0.0,1.0,0.0
2977,1,1.0,0.0,1.0,0.0
4040,1,1.0,0.0,1.0,0.0
5643,0,0.263509,0.736491,0.460519,0.539481
4087,1,0.989976,0.010024,1.0,0.0
1905,1,1.0,0.0,0.0,1.0
3287,1,1.0,0.0,1.0,0.0
4364,1,1.0,0.0,1.0,0.0
291,0,3e-06,0.999997,0.0,1.0
505,0,1.0,0.0,0.0,1.0
159,1,1.0,0.0,0.0,1.0
2870,0,1.0,0.0,0.0,1.0
6220,0,0.957205,0.042795,0.928991,0.071009
5099,0,0.009836,0.990164,0.0,1.0
829,0,4.4e-05,0.999956,4e-06,0.999996
5188,1,0.999985,1.5e-05,0.0,1.0
5360,1,0.99999,1e-05,1.0,0.0
6106,1,0.002716,0.997284,0.999695,0.000305
1948,1,1.0,0.0,1.0,0.0
25,1,1.0,0.0,1.0,0.0
589,1,0.000157,0.999843,3e-05,0.99997
5778,0,0.142947,0.857053,0.317547,0.682453
4613,1,0.999994,6e-06,1.0,0.0
1269,1,1.0,0.0,1.0,0.0
2856,1,1.0,0.0,1.0,0.0
3193,0,0.000404,0.999596,0.0,1.0
4945,1,1.0,0.0,0.0,1.0
1784,1,1.0,0.0,1.0,0.0
1542,1,1.0,0.0,1.0,0.0
5635,0,0.263819,0.736181,0.460856,0.539144
2705,0,0.000207,0.999793,4.4e-05,0.999956
4323,1,0.99998,2e-05,1.0,0.0
1856,1,1.0,0.0,1.0,0.0
1451,1,1.0,0.0,1.0,0.0
1832,1,1.0,0.0,1.0,0.0
848,1,0.930536,0.069464,0.999972,2.8e-05
869,1,0.999999,1e-06,0.957834,0.042166
3123,1,0.834176,0.165824,1.0,0.0
2129,1,1.0,0.0,1.0,0.0
1468,1,1.0,0.0,1.0,0.0
3250,1,0.999894,0.000106,1.0,0.0
1701,1,1.0,0.0,1.0,0.0
4106,1,1.0,0.0,1.0,0.0
