hgvs_nt,experiment,function_class,score,pred_score,clinvar_simple
c.5407-14T>A,X22,FUNC,-0.605470294127443,-0.3535905182361603,absent
c.5407-14T>C,X22,FUNC,-0.631432614912784,-0.3535905182361603,absent
c.5407-14T>G,X22,INT,-0.815385084540405,-0.3535905182361603,absent
c.5407-13C>A,X22,FUNC,-0.722427285561115,-0.3004547953605652,absent
c.5407-13C>G,X22,FUNC,-0.518413702195843,-0.3004547953605652,absent
c.5407-13C>T,X22,FUNC,-0.235149046061964,-0.3004547953605652,absent
c.5407-12C>A,X22,INT,-1.2785160314378,-0.5049487352371216,absent
c.5407-12C>G,X22,FUNC,-0.556903111042551,-0.5049487352371216,absent
c.5407-12C>T,X22,FUNC,0.010442308207446,-0.5049487352371216,absent
c.5407-11T>A,X22,FUNC,0.396859069285056,-0.33310550451278687,absent
c.5407-11T>C,X22,FUNC,0.11230756616157,-0.33310550451278687,absent
c.5407-11T>G,X22,FUNC,0.325317527054284,-0.33310550451278687,absent
c.5407-10G>A,X22,INT,-0.956009297462954,-1.1589844226837158,Uncertain significance
c.5407-10G>C,X22,FUNC,-0.227349585369435,-1.1589844226837158,absent
c.5407-10G>T,X22,FUNC,-0.480904090554398,-1.1589844226837158,absent
c.5407-9G>A,X22,LOF,-2.64681551645418,-0.48242026567459106,absent
c.5407-9G>C,X22,FUNC,-0.674691017109532,-0.48242026567459106,absent
c.5407-9G>T,X22,FUNC,-0.109655914989429,-0.48242026567459106,absent
c.5407-8G>A,X22,FUNC,-0.492330365223052,-1.1139203310012817,absent
c.5407-8G>C,X22,FUNC,0.0593976361240997,-1.1139203310012817,absent
c.5407-8G>T,X22,INT,-0.974388043453595,-1.1139203310012817,absent
c.5407-7G>A,X22,FUNC,-0.243218921493349,-0.47685909271240234,absent
c.5407-7G>C,X22,FUNC,-0.0813052952446179,-0.47685909271240234,absent
c.5407-7G>T,X22,INT,-1.11988391381354,-0.47685909271240234,absent
c.5407-6A>C,X22,INT,-0.796771315043575,-0.2597903609275818,absent
c.5407-6A>G,X22,FUNC,0.159761523246409,-0.2597903609275818,absent
c.5407-6A>T,X22,FUNC,-0.155557983971403,-0.2597903609275818,absent
c.5407-5T>A,X22,FUNC,0.519493636035792,-0.9676529765129089,absent
c.5407-5T>C,X22,FUNC,0.409762646408603,-0.9676529765129089,absent
c.5407-5T>G,X22,FUNC,-0.168304436820573,-0.9676529765129089,absent
c.5407-4C>A,X22,INT,-1.05816406552119,0.08346866071224213,absent
c.5407-4C>G,X22,FUNC,0.418894311836247,0.08346866071224213,Conflicting interpretations of pathogenicity
c.5407-4C>T,X22,FUNC,-0.732160394551841,0.08346866071224213,absent
c.5407-3C>A,X22,INT,-0.880683075214859,-0.6986632943153381,absent
c.5407-3C>G,X22,LOF,-1.34196262807294,-0.6986632943153381,absent
c.5407-3C>T,X22,FUNC,-0.528427201369704,-0.6986632943153381,absent
c.5407-2A>C,X22,LOF,-2.32788103522582,-0.9676529765129089,absent
c.5407-2A>G,X22,LOF,-1.89959688132307,-0.9676529765129089,Pathogenic
c.5407-2A>T,X22,LOF,-2.09112253349292,-0.9676529765129089,absent
c.5407-1G>A,X22,LOF,-3.89989874767637,-1.1589844226837158,Pathogenic
c.5407-1G>C,X22,LOF,-2.55827649893478,-1.1589844226837158,Pathogenic
c.5407-1G>T,X22,LOF,-2.74114953110646,-1.1589844226837158,absent
c.5407G>A,X22,FUNC,-0.320508703475903,-0.09566941857337952,Uncertain significance
c.5407G>C,X22,FUNC,0.104268267938043,-0.3120681047439575,absent
c.5407G>T,X22,FUNC,0.309842650307981,-0.18678084015846252,absent
c.5408G>A,X22,INT,-1.07093036779495,0.03217169642448425,absent
c.5408G>C,X22,FUNC,0.0151078043175211,0.15652717649936676,absent
c.5408G>T,X22,FUNC,-0.349508563263171,-0.0023438408970832825,absent
c.5409T>A,X22,FUNC,0.116030430149339,-0.07739166915416718,absent
c.5409T>C,X22,FUNC,0.0303700158748514,-0.07739166915416718,absent
c.5409T>G,X22,FUNC,0.0773558129758903,-0.07739166915416718,absent
c.5410G>A,X22,FUNC,0.0581484754151494,0.12905140221118927,absent
c.5410G>C,X22,FUNC,-0.580450234524992,0.14454205334186554,absent
c.5410G>T,X22,FUNC,0.556759821611326,0.074708953499794,absent
c.5411T>A,X22,FUNC,0.429372531464068,-0.09243625402450562,Benign
c.5411T>C,X22,FUNC,0.0815834702117477,0.2527585029602051,absent
c.5411T>G,X22,FUNC,-0.697272170920749,-0.013340070843696594,absent
c.5412C>A,X22,FUNC,-0.601048325168998,-0.3726993203163147,absent
c.5412C>G,X22,FUNC,0.040277842360585,-0.3726993203163147,absent
c.5412C>T,X22,FUNC,0.455129914467093,-0.3726993203163147,Likely benign
c.5413C>A,X22,FUNC,0.140889196289081,-1.1229665279388428,absent
c.5413C>G,X22,FUNC,0.211689664596731,-1.2945548295974731,absent
c.5413C>T,X22,FUNC,0.198364116512171,-0.8958104848861694,Uncertain significance
c.5414A>C,X22,FUNC,-0.0838730473504482,-0.3723856210708618,absent
c.5414A>G,X22,FUNC,-0.0100644573327441,-0.023424267768859863,absent
c.5414A>T,X22,FUNC,0.276406041152877,-0.10896484553813934,absent
c.5415C>A,X22,FUNC,-0.29132380924291,-0.1622181385755539,absent
c.5415C>G,X22,FUNC,-0.109804786913623,-0.1622181385755539,absent
c.5415C>T,X22,FUNC,0.213177011177558,-0.5006189346313477,Likely benign
c.5416C>A,X22,FUNC,-0.30418704230611,0.11813466250896454,absent
c.5416C>G,X22,FUNC,0.0981067115118336,0.12369988858699799,Conflicting interpretations of pathogenicity
c.5416C>T,X22,FUNC,0.477544138223875,0.1103031188249588,absent
c.5417C>A,X22,FUNC,0.0738415973464122,0.15468336641788483,absent
c.5417C>G,X22,FUNC,0.160857415316131,0.06990918517112732,absent
c.5417C>T,X22,FUNC,-0.20381749392313,0.09545062482357025,absent
c.5418A>C,X22,FUNC,0.122787189815673,-0.04640839993953705,Likely benign
c.5418A>G,X22,FUNC,-0.0890474031569899,-0.04640839993953705,absent
c.5418A>T,X22,FUNC,0.332185979688528,-0.04640839993953705,absent
c.5419A>C,X22,FUNC,0.177009280841274,0.4855365753173828,absent
c.5419A>G,X22,FUNC,0.161589836890456,0.41560590267181396,Uncertain significance
c.5419A>T,X22,INT,-1.12507013556553,0.35707181692123413,absent
c.5420T>A,X22,LOF,-1.74149703360338,-0.8853616118431091,absent
c.5420T>C,X22,FUNC,-0.260029673632726,-0.5347669124603271,absent
c.5420T>G,X22,LOF,-1.93277430656549,-0.6971365213394165,absent
c.5421T>A,X22,FUNC,-0.375639698163221,0.088801309466362,absent
c.5421T>C,X22,FUNC,-0.428161082041069,0.088801309466362,absent
c.5421T>G,X22,FUNC,0.165225198661028,0.15670715272426605,absent
c.5422G>C,X22,FUNC,-0.227223408961075,-0.9697208404541016,absent
c.5423T>C,X22,INT,-0.798819225404382,-0.8009035587310791,absent
c.5423T>G,X22,LOF,-1.93008814099227,-1.4009026288986206,absent
c.5425G>A,X22,FUNC,-0.216144901410392,-0.27111518383026123,Uncertain significance
c.5426T>A,X22,LOF,-1.35490391827617,-0.909299373626709,absent
c.5426T>C,X22,LOF,-1.64995829623803,-0.2565322518348694,absent
c.5427T>A,X22,FUNC,-0.307997887176628,-0.29729750752449036,absent
c.5427T>C,X22,FUNC,0.149097538786792,-0.3144646883010864,absent
c.5427T>G,X22,FUNC,0.547412873058203,-0.320720374584198,absent
c.5428G>A,X22,FUNC,-0.477757820634248,-0.5952482223510742,absent
c.5428G>C,X22,FUNC,-0.135301414304995,-0.6869236826896667,absent
c.5428G>T,X22,FUNC,-0.121348500278939,-0.6869236826896667,absent
c.5429T>A,X22,LOF,-1.56364067852353,-1.4622703790664673,absent
c.5429T>C,X22,FUNC,-0.0362606384097366,-0.7351722717285156,Uncertain significance
c.5429T>G,X22,LOF,-3.37388079968849,-1.4853304624557495,absent
c.5430G>A,X22,FUNC,0.533511113650839,-0.34325969219207764,Likely benign
c.5430G>C,X22,LOF,-2.81771291125752,-0.34325969219207764,absent
c.5430G>T,X22,FUNC,-0.741666777844507,-0.34325969219207764,absent
c.5431C>A,X22,LOF,-2.06191114250477,-0.9894738793373108,absent
c.5431C>G,X22,FUNC,-0.0765758519640052,-0.9550598859786987,absent
c.5431C>T,X22,INT,-1.2578347807606,-2.0695323944091797,Pathogenic
c.5432A>C,X22,LOF,-1.94690150805163,-1.6084312200546265,absent
c.5432A>G,X22,LOF,-1.71150218576215,-0.6779882907867432,Uncertain significance
c.5432A>T,X22,LOF,-3.42015814678606,-0.6928666830062866,absent
c.5433G>A,X22,FUNC,0.123846216752144,0.09706227481365204,absent
c.5433G>C,X22,FUNC,-0.747776959258352,0.10030458867549896,Uncertain significance
c.5433G>T,X22,FUNC,-0.265803184156264,0.10030458867549896,absent
c.5434C>A,X22,FUNC,-0.0747085351851316,-0.2751304507255554,absent
c.5434C>G,X22,LOF,-2.75730524006307,-0.16824713349342346,Conflicting interpretations of pathogenicity
c.5434C>T,X22,FUNC,-0.326462941050817,-0.1475585699081421,absent
c.5435C>A,X22,INT,-0.87911228791937,-0.3411969542503357,absent
c.5435C>G,X22,FUNC,0.261310921067065,-0.5009310245513916,absent
c.5435C>T,X22,INT,-0.765334600703459,-0.27508264780044556,absent
c.5436A>C,X22,FUNC,0.0362468735692044,-0.4862309694290161,absent
c.5436A>G,X22,FUNC,0.186991589730266,-0.496218204498291,absent
c.5436A>T,X22,FUNC,-0.224430655789883,-0.5211403965950012,absent
c.5437G>A,X22,FUNC,-0.142261663939848,-0.7523931264877319,absent
c.5437G>C,X22,INT,-0.981230415384132,-0.6815534830093384,absent
c.5437G>T,X22,INT,-1.31630485647323,-0.9333800077438354,Uncertain significance
c.5438A>C,X22,FUNC,0.0252273320146534,-0.02752920240163803,absent
c.5438A>G,X22,FUNC,0.210341159534457,-0.16852672398090363,absent
c.5438A>T,X22,FUNC,-0.180560716114802,-0.27984392642974854,absent
c.5439T>A,X22,FUNC,-0.123269041897135,-0.03763926029205322,absent
c.5439T>C,X22,FUNC,0.0723609820404624,-0.10338084399700165,Likely benign
c.5439T>G,X22,FUNC,-0.202936110123185,-0.03763926029205322,absent
c.5440G>A,X22,FUNC,-0.18071629810108,-0.6225327849388123,absent
c.5440G>C,X22,INT,-0.846765221867354,-1.3483730554580688,absent
c.5440G>T,X22,FUNC,-0.671084707363718,-0.593279242515564,absent
c.5441C>A,X22,INT,-1.25491240157845,-0.7443040013313293,absent
c.5441C>G,X22,LOF,-1.37729254003792,-0.9528598785400391,absent
c.5441C>T,X22,FUNC,-0.359948471675103,-0.521234393119812,absent
c.5442C>A,X22,FUNC,-0.186658939575152,-0.1540108025074005,absent
c.5442C>G,X22,FUNC,-0.653707677962266,-0.1540108025074005,absent
c.5442C>T,X22,FUNC,0.624965266441664,-0.1540108025074005,absent
c.5443T>A,X22,FUNC,-0.602917276919085,-0.28827524185180664,absent
c.5443T>C,X22,FUNC,-0.365140498078149,-0.28827524185180664,absent
c.5443T>G,X22,FUNC,-0.624105914918508,-0.4708048701286316,absent
c.5444G>A,X22,LOF,-1.58448902074217,-1.444649577140808,Pathogenic
c.5444G>C,X22,LOF,-1.54969753079545,-0.07285770773887634,absent
c.5444G>T,X22,FUNC,0.0358900469836761,-0.13368524610996246,absent
c.5445G>A,X22,LOF,-2.73431474337157,-2.1990747451782227,Pathogenic
c.5445G>C,X22,LOF,-4.59169894132378,-0.5364576578140259,absent
c.5445G>T,X22,LOF,-1.66682003220817,-0.5775743126869202,absent
c.5446A>C,X22,FUNC,-0.302598612595167,-0.4186585545539856,absent
c.5446A>G,X22,FUNC,-0.0937200312476537,-0.010527834296226501,absent
c.5446A>T,X22,FUNC,-0.582124910532308,-0.011059671640396118,absent
c.5447C>A,X22,FUNC,-0.50509533799371,-0.38538575172424316,absent
c.5447C>G,X22,FUNC,0.0848726002519976,-0.2995200753211975,absent
c.5447C>T,X22,FUNC,0.018444786382987,-0.1518322229385376,absent
c.5448A>C,X22,FUNC,0.0013243533077325,-0.022199474275112152,absent
c.5448A>G,X22,FUNC,0.859885662660011,-0.022199474275112152,Likely benign
c.5448A>T,X22,FUNC,0.0965304435751904,-0.022199474275112152,absent
c.5449G>A,X22,FUNC,0.12622695353046,-0.44327592849731445,absent
c.5449G>C,X22,FUNC,-0.478225312424512,-0.020531021058559418,absent
c.5449G>T,X22,LOF,-2.60080914927399,-1.4171229600906372,Pathogenic
c.5450A>C,X22,FUNC,0.310352544927213,0.027523979544639587,absent
c.5450A>G,X22,FUNC,0.719011109277808,-0.14729765057563782,absent
c.5450A>T,X22,FUNC,-0.587397334883521,-0.12694279849529266,absent
c.5451G>A,X22,FUNC,0.130951836032382,-0.1483343541622162,Likely benign
c.5451G>C,X22,FUNC,-0.645565909567874,0.0992734283208847,absent
c.5451G>T,X22,FUNC,-0.107234786818994,0.0992734283208847,absent
c.5452G>A,X22,FUNC,-0.0596667537912333,-0.04231901466846466,absent
c.5452G>C,X22,LOF,-1.96668251565954,0.08358980715274811,absent
c.5452G>T,X22,FUNC,0.0295802372494833,-0.025781095027923584,absent
c.5453A>C,X22,FUNC,-0.628332847454398,0.07703875005245209,absent
c.5453A>G,X22,LOF,-3.16303530428822,-0.051997363567352295,Conflicting interpretations of pathogenicity
c.5453A>T,X22,FUNC,0.155552918698498,-0.04921199381351471,absent
c.5454C>A,X22,FUNC,0.116922666390149,-0.2939870357513428,absent
c.5454C>G,X22,FUNC,0.163587351312571,-0.2939870357513428,absent
c.5454C>T,X22,FUNC,-0.118783422761102,-0.7316523790359497,absent
c.5455A>C,X22,FUNC,-0.4159574435229,0.20062373578548431,absent
c.5455A>G,X22,FUNC,0.0005342790977893,0.16564814746379852,absent
c.5455A>T,X22,FUNC,-0.449637787239626,0.1407090574502945,absent
c.5456A>C,X22,FUNC,-0.279502933520711,0.002991214394569397,absent
c.5456A>G,X22,FUNC,0.40875721687432,-0.04973477125167847,Conflicting interpretations of pathogenicity
c.5456A>T,X22,FUNC,-0.270928278794043,-0.10506927967071533,absent
c.5457T>A,X22,FUNC,-0.231764896321833,0.15458382666110992,absent
c.5457T>C,X22,FUNC,0.449495997347053,0.05887310206890106,absent
c.5457T>G,X22,FUNC,-0.0864385079311445,0.1488468497991562,absent
c.5458G>A,X22,FUNC,-0.396620647728962,0.17550109326839447,Uncertain significance
c.5458G>C,X22,FUNC,-0.154003265804798,-0.06017758697271347,absent
c.5458G>T,X22,FUNC,-0.609895504542478,0.14734698832035065,absent
c.5459G>A,X22,FUNC,-0.325765930686046,-0.06467854231595993,absent
c.5459G>C,X22,INT,-0.78442294561279,-0.006088972091674805,absent
c.5459G>T,X22,FUNC,0.262636792305302,-0.11543598026037216,absent
c.5460C>A,X22,FUNC,0.660780546618066,-0.9388851523399353,absent
c.5460C>G,X22,FUNC,-0.285622926112162,-0.9388851523399353,absent
c.5460C>T,X22,FUNC,-0.072365435977091,-0.9388851523399353,absent
c.5461T>A,X22,FUNC,-0.437724082218039,0.012479826807975769,absent
c.5461T>C,X22,FUNC,-0.0705944057349995,0.11379507184028625,absent
c.5461T>G,X22,FUNC,-0.195359256905534,-0.022274091839790344,absent
c.5462T>A,X22,FUNC,-0.0386873051563448,-0.00961865484714508,absent
c.5462T>C,X22,FUNC,-0.112501489145551,-0.07925701141357422,absent
c.5462T>G,X22,FUNC,-0.734628880173957,0.0738874226808548,absent
c.5463C>A,X22,FUNC,-0.453237634054845,0.09713836014270782,absent
c.5463C>G,X22,FUNC,-0.0985935653696425,0.09713836014270782,absent
c.5463C>T,X22,FUNC,-0.0620096361859575,-0.3669489622116089,absent
c.5464C>A,X22,FUNC,0.219049202991851,-0.2703940272331238,absent
c.5464C>G,X22,FUNC,0.225013753860343,-0.4277755618095398,absent
c.5464C>T,X22,FUNC,-0.242424964962834,-0.29260164499282837,absent
c.5465A>C,X22,FUNC,0.0016008324191078,-0.04579441249370575,absent
c.5465A>G,X22,FUNC,-0.424960817864333,0.0763622373342514,absent
c.5465A>T,X22,FUNC,-0.330819440615656,0.04551155865192413,absent
c.5466T>A,X22,FUNC,0.0794694797845351,0.1940682977437973,absent
c.5466T>C,X22,FUNC,0.0318997293854854,-0.11530935764312744,Likely benign
c.5466T>G,X22,FUNC,-0.081382851010922,0.1940682977437973,absent
c.5467G>A,X22,LOF,-3.1865190755667,0.09811750054359436,Pathogenic
c.5467G>C,X22,LOF,-3.30464537023334,-0.04577653110027313,absent
c.5467G>T,X22,LOF,-3.64283083340989,0.12058214843273163,absent
c.5467+1G>A,X22,LOF,-3.01621559038335,-1.1589844226837158,Likely pathogenic
c.5467+1G>C,X22,LOF,-2.62009552573226,-1.1589844226837158,absent
c.5467+1G>T,X22,LOF,-1.93744027862832,-1.1589844226837158,absent
c.5467+2T>A,X22,LOF,-1.83237023386289,-0.9676529765129089,absent
c.5467+2T>C,X22,INT,-0.956031369061015,-0.9676529765129089,Likely pathogenic
c.5467+3A>C,X22,LOF,-2.43439050421051,-0.5495902895927429,absent
c.5467+3A>G,X22,FUNC,-0.052002234728103,-0.5495902895927429,absent
c.5467+3A>T,X22,LOF,-3.13630336169263,-0.5495902895927429,absent
c.5467+4A>C,X22,LOF,-1.44544248987535,-0.9676529765129089,absent
c.5467+4A>G,X22,FUNC,-0.529418142350919,-0.9676529765129089,Uncertain significance
c.5467+4A>T,X22,INT,-0.974812849416972,-0.9676529765129089,absent
c.5467+5G>A,X22,FUNC,-0.554187341251203,-0.6594500541687012,absent
c.5467+5G>C,X22,LOF,-1.47419811885489,-0.6594500541687012,absent
c.5467+5G>T,X22,INT,-0.965400055957491,-0.6594500541687012,absent
c.5467+6G>A,X22,FUNC,-0.602141915592775,-0.27265405654907227,absent
c.5467+6G>C,X22,FUNC,-0.0099465674775902,-0.27265405654907227,absent
c.5467+6G>T,X22,FUNC,-0.102292077342409,-0.27265405654907227,absent
c.5467+7T>A,X22,FUNC,-0.426244389853169,-0.3101085424423218,absent
c.5467+7T>C,X22,FUNC,-0.480456736466418,-0.3101085424423218,absent
c.5467+7T>G,X22,FUNC,-0.383035676402311,-0.3101085424423218,absent
c.5467+8G>A,X22,FUNC,-0.0011179430764381,-0.23371736705303192,Conflicting interpretations of pathogenicity
c.5467+8G>C,X22,FUNC,-0.244417773165998,-0.23371736705303192,absent
c.5467+8G>T,X22,FUNC,-0.196196443695531,-0.23371736705303192,absent
c.5467+9C>A,X22,FUNC,-0.0834281144998109,-0.28911930322647095,absent
c.5467+9C>G,X22,FUNC,-0.15489066829138,-0.28911930322647095,absent
c.5467+10C>A,X22,FUNC,-0.41696422733916,-0.22936545312404633,absent
c.5467+10C>G,X22,FUNC,0.0280327828928318,-0.22936545312404633,absent
c.5467+10C>T,X22,FUNC,0.169765445925412,-0.22936545312404633,absent
c.5467+11T>A,X22,FUNC,0.196434617718658,-0.31521350145339966,absent
c.5467+11T>C,X22,FUNC,0.306666237241451,-0.31521350145339966,absent
c.5467+11T>G,X22,FUNC,0.0819691390845532,-0.31521350145339966,absent
c.5467+12G>A,X22,FUNC,-0.174196621315139,-0.35848361253738403,Likely benign
c.5467+12G>C,X22,FUNC,0.233856325085088,-0.35848361253738403,absent
c.5467+12G>T,X22,FUNC,0.0717780440446851,-0.35848361253738403,absent
c.5467+13C>A,X22,FUNC,-0.0080364428990333,-0.3592199683189392,absent
c.5467+13C>G,X22,INT,-0.808472435659063,-0.3592199683189392,absent
c.5467+13C>T,X22,FUNC,-0.0111833668932949,-0.3592199683189392,absent
c.5467+14A>C,X22,FUNC,0.269995881146153,-0.0835227519273758,absent
c.5467+14A>G,X22,FUNC,0.0401114413253289,-0.0835227519273758,Uncertain significance
c.5467+14A>T,X22,FUNC,-0.424244185888099,-0.0835227519273758,absent
c.5467+15T>A,X22,FUNC,1.00686242236853,-0.3743298053741455,absent
c.5467+15T>C,X22,FUNC,0.155762546050316,-0.3743298053741455,absent
c.5467+15T>G,X22,FUNC,0.0507107366545286,-0.3743298053741455,absent
c.5467+16G>A,X22,FUNC,0.27981346345423,-0.46664559841156006,absent
c.5467+16G>C,X22,FUNC,-0.204383368807532,-0.46664559841156006,absent
c.5467+16G>T,X22,FUNC,-0.440346304341507,-0.46664559841156006,absent
c.5467+17T>A,X22,FUNC,0.0515015109545563,-0.3231685161590576,absent
c.5467+17T>C,X22,FUNC,-0.367734077476632,-0.3231685161590576,absent
c.5467+17T>G,X22,FUNC,-0.0257186863976148,-0.3231685161590576,absent
c.5467+18A>C,X22,FUNC,-0.103230983605431,-0.17103829979896545,absent
c.5467+18A>G,X22,FUNC,0.426647986178444,-0.17103829979896545,absent
c.5467+18A>T,X22,FUNC,0.217439638103395,-0.17103829979896545,absent
c.5467+19C>A,X22,FUNC,-0.579463220023025,-0.2524830102920532,absent
c.5467+19C>G,X22,FUNC,0.208885160417885,-0.2524830102920532,absent
c.5467+19C>T,X22,INT,-0.9116421476022,-0.2524830102920532,absent
c.5467+20C>A,X22,FUNC,-0.496820598301314,-0.2499222606420517,absent
c.5467+20C>G,X22,FUNC,-0.104841692877421,-0.2499222606420517,absent
c.5467+20C>T,X22,FUNC,-0.434253249995658,-0.2499222606420517,absent
c.5467+21T>A,X22,FUNC,0.239662858932276,-0.19930824637413025,absent
c.5467+21T>C,X22,FUNC,0.311822407231013,-0.19930824637413025,absent
c.5467+21T>G,X22,FUNC,-0.546448291600764,-0.19930824637413025,absent
c.5467+22G>A,X22,FUNC,-0.352967561008001,-0.07553113996982574,absent
c.5467+22G>C,X22,FUNC,-0.19889340500971,-0.07553113996982574,absent
c.5467+22G>T,X22,FUNC,-0.28423075524723,-0.07553113996982574,absent
c.5467+23T>A,X22,FUNC,-0.0959333054903411,-0.3027423620223999,absent
c.5467+23T>C,X22,FUNC,0.183981493411935,-0.3027423620223999,absent
c.5467+23T>G,X22,FUNC,0.257286890677384,-0.3027423620223999,absent
c.5467+24G>A,X22,FUNC,-0.624107871571383,-0.4212295413017273,absent
c.5467+24G>C,X22,INT,-0.900125359214225,-0.4212295413017273,absent
c.5467+24G>T,X22,FUNC,-0.681876914522454,-0.4212295413017273,absent
c.5467+25C>G,X22,FUNC,0.0574340884521353,-0.33955809473991394,absent
c.5467+25C>T,X22,FUNC,-0.470344398075468,-0.33955809473991394,absent
c.5468-10C>A,X23,FUNC,-0.68844701967432,-0.4259704351425171,Benign
c.5468-10C>G,X23,FUNC,-0.664851362692938,-0.4259704351425171,absent
c.5468-10C>T,X23,FUNC,-0.592747788670447,-0.4259704351425171,absent
c.5468-9T>A,X23,LOF,-1.96369779548456,-1.0224804878234863,absent
c.5468-9T>C,X23,FUNC,-0.569522353382729,-1.0224804878234863,absent
c.5468-9T>G,X23,INT,-1.25478723839617,-1.0224804878234863,absent
c.5468-8G>A,X23,FUNC,0.115344694314233,-0.5434043407440186,absent
c.5468-8G>C,X23,FUNC,0.044542744419591,-0.5434043407440186,absent
c.5468-8G>T,X23,FUNC,-0.206850044579761,-0.5434043407440186,absent
c.5468-7T>A,X23,LOF,-1.48480106008906,-1.0224804878234863,absent
c.5468-7T>C,X23,LOF,-1.78492117428111,-1.0224804878234863,absent
c.5468-7T>G,X23,LOF,-1.94328879682168,-1.0224804878234863,absent
c.5468-6C>A,X23,INT,-0.785264942598894,-0.5401763916015625,absent
c.5468-6C>G,X23,LOF,-2.07511301997444,-0.5401763916015625,absent
c.5468-6C>T,X23,FUNC,-0.0171020615380092,-0.5401763916015625,absent
c.5468-5T>A,X23,FUNC,-0.528400129453167,-0.18721947073936462,absent
c.5468-5T>C,X23,FUNC,0.264848011284434,-0.18721947073936462,absent
c.5468-5T>G,X23,INT,-0.778128660391533,-0.18721947073936462,absent
c.5468-4C>A,X23,FUNC,0.0071864934253959,-0.3264673352241516,absent
c.5468-4C>G,X23,FUNC,0.106458611173499,-0.3264673352241516,absent
c.5468-4C>T,X23,FUNC,-0.37901727077414,-0.3264673352241516,absent
c.5468-3C>A,X23,LOF,-1.87943046651625,-0.5445801019668579,absent
c.5468-3C>G,X23,LOF,-1.85528025569036,-0.5445801019668579,absent
c.5468-3C>T,X23,FUNC,-0.0721210492226758,-0.5445801019668579,absent
c.5468-2A>C,X23,LOF,-1.82083590555983,-1.0224804878234863,absent
c.5468-2A>G,X23,LOF,-1.84741578116444,-1.0224804878234863,Likely pathogenic
c.5468-2A>T,X23,LOF,-1.98459993110663,-1.0224804878234863,Pathogenic
c.5468-1G>A,X23,LOF,-1.3981950473982,-1.2328170537948608,Likely pathogenic
c.5468-1G>C,X23,LOF,-2.54559701604168,-1.2328170537948608,absent
c.5468-1G>T,X23,LOF,-2.16718488379699,-1.2328170537948608,absent
c.5468C>A,X23,FUNC,0.135290185644148,0.03743357956409454,absent
c.5468C>G,X23,INT,-0.841867943178274,0.004213318228721619,absent
c.5468C>T,X23,FUNC,-0.438360205936103,0.01647171378135681,absent
c.5469A>C,X23,FUNC,0.0390698319616235,-0.044865794479846954,absent
c.5469A>G,X23,FUNC,-0.497422730313804,-0.044865794479846954,absent
c.5469A>T,X23,FUNC,-0.154681528549779,-0.044865794479846954,absent
c.5470A>C,X23,FUNC,-0.313789980136991,0.08838315308094025,absent
c.5470A>G,X23,FUNC,-0.330562389135634,0.05810961127281189,Uncertain significance
c.5470A>T,X23,FUNC,-0.51001610838843,-0.08201528340578079,absent
c.5471T>A,X23,FUNC,-0.29359073484416,-0.12901517748832703,absent
c.5471T>C,X23,FUNC,-0.528084960333966,-0.0028070807456970215,absent
c.5471T>G,X23,FUNC,-0.126433780195305,0.013393312692642212,absent
c.5472T>A,X23,FUNC,0.0695896057211375,-0.13085880875587463,absent
c.5472T>C,X23,FUNC,0.0668076834531773,-0.13296723365783691,absent
c.5472T>G,X23,LOF,-2.07801978551443,0.1337609589099884,absent
c.5473G>A,X23,FUNC,-0.205906394139239,0.1335935741662979,Uncertain significance
c.5473G>C,X23,FUNC,-0.0468092630879426,0.12915951013565063,absent
c.5473G>T,X23,FUNC,-0.608895506587524,-0.052318722009658813,absent
c.5474G>A,X23,FUNC,-0.0107716612518232,-0.08583039045333862,absent
c.5474G>C,X23,FUNC,-0.0428738564007823,-0.026515617966651917,absent
c.5474G>T,X23,FUNC,-0.130113384362839,-0.12095735967159271,absent
c.5475G>A,X23,FUNC,0.0324423177634513,-0.12350772321224213,Likely benign
c.5475G>C,X23,FUNC,-0.0210624152659631,-0.11738213151693344,absent
c.5475G>T,X23,INT,-0.753072752459166,-0.07182012498378754,Likely benign
c.5476C>A,X23,FUNC,-0.0258904786315756,-0.14205355942249298,Uncertain significance
c.5476C>G,X23,FUNC,0.0441739691511223,-0.1996975988149643,absent
c.5476C>T,X23,LOF,-1.44251233142322,-1.6353645324707031,absent
c.5477A>C,X23,FUNC,-0.0324057057312437,-1.6323981285095215,absent
c.5477A>G,X23,FUNC,0.0385125692046524,-1.0166176557540894,absent
c.5477A>T,X23,FUNC,-0.188283017525521,-0.8200777769088745,Uncertain significance
c.5478G>A,X23,FUNC,-0.614359996056815,-0.14748093485832214,absent
c.5478G>C,X23,FUNC,-0.583553197877685,-0.14641840755939484,absent
c.5478G>T,X23,FUNC,-0.438084188181349,-0.03671906143426895,absent
c.5479A>C,X23,FUNC,-0.252517317545388,0.16894586384296417,absent
c.5479A>G,X23,FUNC,-0.276791005238962,0.11051757633686066,absent
c.5479A>T,X23,FUNC,0.236500390874289,0.16894586384296417,absent
c.5480T>A,X23,FUNC,-0.129843361578819,-0.5668215155601501,absent
c.5480T>C,X23,FUNC,0.0630260478167066,-0.37994128465652466,absent
c.5480T>G,X23,FUNC,-0.242181568873002,-0.6294938921928406,absent
c.5481G>A,X23,FUNC,-0.344383558747861,-0.27759116888046265,Uncertain significance
c.5481G>C,X23,FUNC,-0.564045504521159,-0.27759116888046265,absent
c.5481G>T,X23,FUNC,-0.256728546446218,-0.27759116888046265,absent
c.5482T>A,X23,FUNC,-0.122869949653996,-0.27582496404647827,absent
c.5482T>C,X23,INT,-0.87561933503084,-0.3540548086166382,absent
c.5482T>G,X23,FUNC,-0.407530170453092,-0.40947991609573364,Uncertain significance
c.5483G>A,X23,FUNC,-0.308549501299909,-0.34229254722595215,absent
c.5483G>C,X23,FUNC,-0.427149017058223,-0.27328717708587646,absent
c.5483G>T,X23,FUNC,-0.404389483894956,-0.40872228145599365,absent
c.5484T>A,X23,LOF,-2.11895449749227,-1.7648862600326538,absent
c.5484T>C,X23,FUNC,-0.258143618224925,-0.40500301122665405,absent
c.5484T>G,X23,FUNC,-0.0902053739383972,-0.41045475006103516,absent
c.5485G>A,X23,INT,-0.804182973764603,-0.4296484589576721,Uncertain significance
c.5485G>C,X23,FUNC,-0.513444906280059,-0.18987396359443665,absent
c.5485G>T,X23,LOF,-2.37575585502179,-1.3051146268844604,absent
c.5486A>C,X23,FUNC,0.0527186007173151,-0.2943609356880188,absent
c.5486A>G,X23,FUNC,-0.150965351602071,-0.5449438691139221,absent
c.5486A>T,X23,FUNC,0.22636129340503,-0.4489596486091614,absent
c.5487G>A,X23,FUNC,-0.285887279278256,-0.13215935230255127,absent
c.5487G>C,X23,FUNC,-3.61778280157322e-06,0.029053017497062683,absent
c.5487G>T,X23,FUNC,-0.197892936508826,0.039140403270721436,absent
c.5488G>A,X23,FUNC,0.168084556825566,-0.3580663204193115,absent
c.5488G>C,X23,FUNC,-0.653638816115283,-0.8035064935684204,absent
c.5488G>T,X23,FUNC,-0.34428521949986,-0.41493481397628784,absent
c.5489C>A,X23,INT,-1.12572817242339,-0.39368271827697754,absent
c.5489C>G,X23,INT,-0.990940648228031,-0.40522128343582153,absent
c.5489C>T,X23,FUNC,-0.21197628861101,-0.2697764039039612,absent
c.5490A>C,X23,FUNC,0.372523097747277,0.018875136971473694,absent
c.5490A>G,X23,FUNC,0.222020669045138,-0.12004637718200684,absent
c.5490A>T,X23,FUNC,0.32207869742392,0.04850934445858002,absent
c.5491C>A,X23,FUNC,-0.0149928976380875,0.16489316523075104,absent
c.5491C>G,X23,FUNC,0.0846757590074041,0.21099160611629486,absent
c.5491C>T,X23,FUNC,-0.208516948121544,0.14577151834964752,absent
c.5492C>A,X23,FUNC,-0.288263507102024,0.11856749653816223,absent
c.5492C>G,X23,FUNC,-0.333529134984516,0.01032690703868866,Uncertain significance
c.5492C>T,X23,FUNC,0.0859567730190993,0.1461362987756729,absent
c.5493T>A,X23,FUNC,0.0652499181228897,-0.0017644613981246948,absent
c.5493T>C,X23,FUNC,-0.0382196455862462,-0.0017644613981246948,absent
c.5493T>G,X23,FUNC,0.216073356969021,-0.0017644613981246948,absent
c.5494G>C,X23,FUNC,-0.73647051721047,-0.2869601249694824,absent
c.5495T>C,X23,INT,-0.909867174020695,-0.7803616523742676,absent
c.5495T>G,X23,LOF,-2.87157054358408,-1.335577368736267,absent
c.5497G>A,X23,LOF,-2.18348435841623,-0.4536667466163635,Conflicting interpretations of pathogenicity
c.5497G>C,X23,INT,-0.784809334832268,-0.438931405544281,absent
c.5498T>A,X23,LOF,-2.60593376622883,-1.0108871459960938,absent
c.5498T>C,X23,FUNC,-0.661423186820916,-0.5237570405006409,Uncertain significance
c.5499G>A,X23,FUNC,0.0211520405810629,-0.10132798552513123,absent
c.5499G>C,X23,FUNC,0.276208018235517,-0.10132798552513123,absent
c.5499G>T,X23,FUNC,-0.202315737700004,-0.10132798552513123,absent
c.5500A>C,X23,FUNC,0.131130517135967,-0.4389212131500244,absent
c.5500A>G,X23,FUNC,0.220196066243251,0.012220993638038635,absent
c.5500A>T,X23,FUNC,-0.184100893811956,-0.10252256691455841,absent
c.5501C>A,X23,FUNC,-0.0496950637413476,0.08650825917720795,absent
c.5501C>G,X23,FUNC,0.0044006281028529,0.1927073746919632,absent
c.5501C>T,X23,FUNC,0.195638343757433,0.144501730799675,Uncertain significance
c.5502C>A,X23,FUNC,-0.404060627646355,-0.0033727064728736877,absent
c.5502C>G,X23,FUNC,0.219315149189388,-0.0033727064728736877,absent
c.5502C>T,X23,FUNC,-0.187550858716403,-0.0033727064728736877,Likely benign
c.5503C>A,X23,FUNC,0.146524308634037,-0.1534755825996399,absent
c.5503C>G,X23,LOF,-1.44783650749391,-0.4050266742706299,absent
c.5503C>T,X23,LOF,-2.29625062856965,-0.9724270701408386,Pathogenic
c.5504G>A,X23,INT,-0.906347441715577,-0.4050607681274414,Uncertain significance
c.5504G>C,X23,INT,-1.31208575342448,-1.1525081396102905,Uncertain significance
c.5504G>T,X23,INT,-1.18927662322317,-0.21436402201652527,absent
c.5505A>C,X23,FUNC,0.094405192172702,0.06887398660182953,absent
c.5505A>G,X23,FUNC,0.266734293961785,0.06887398660182953,absent
c.5505A>T,X23,FUNC,-0.0582782589471287,0.06887398660182953,absent
c.5506G>A,X23,FUNC,-0.299933275816698,-0.90966796875,Uncertain significance
c.5506G>C,X23,FUNC,-0.0051336636020513,-0.4886820316314697,absent
c.5506G>T,X23,LOF,-1.98224713430293,-1.7499346733093262,Pathogenic
c.5507A>C,X23,FUNC,0.459904567193884,-0.0638110488653183,absent
c.5507A>G,X23,FUNC,-0.171450551543953,-0.23061996698379517,absent
c.5507A>T,X23,LOF,-1.69001450474943,-0.3454183340072632,absent
c.5508G>A,X23,FUNC,0.0676405451970248,-0.28481853008270264,absent
c.5508G>C,X23,FUNC,0.0719807612877564,-0.033500105142593384,absent
c.5508G>T,X23,FUNC,0.0193179634461506,-0.033500105142593384,absent
c.5509T>A,X23,LOF,-2.46078117106402,-1.2313499450683594,absent
c.5509T>C,X23,LOF,-2.31441872512525,-1.2313499450683594,Conflicting interpretations of pathogenicity
c.5509T>G,X23,LOF,-2.56281847373706,-1.6404491662979126,Conflicting interpretations of pathogenicity
c.5510G>A,X23,LOF,-1.61165131759898,-1.751633882522583,Pathogenic
c.5510G>C,X23,LOF,-2.22452869431682,-1.1122335195541382,absent
c.5510G>T,X23,LOF,-2.16887230883915,-0.5968823432922363,absent
c.5511G>A,X23,LOF,-2.37351547687928,-2.001154661178589,Pathogenic
c.5511G>C,X23,LOF,-2.67815028387303,-1.2751935720443726,Uncertain significance
c.5511G>T,X23,LOF,-1.69661300342761,-1.2751935720443726,Uncertain significance
c.5512G>A,X23,FUNC,-0.553037930952023,-0.6851673126220703,Uncertain significance
c.5512G>C,X23,FUNC,-0.141088160699944,-0.7123147249221802,absent
c.5512G>T,X23,FUNC,0.0098423366365982,-0.7123147249221802,Uncertain significance
c.5513T>A,X23,LOF,-1.72587323841784,-0.7992981672286987,Pathogenic
c.5513T>C,X23,FUNC,-0.213826976210602,-0.3278633952140808,absent
c.5513T>G,X23,LOF,-1.97991531767534,-0.7967563271522522,Conflicting interpretations of pathogenicity
c.5514G>A,X23,FUNC,0.272752752657283,-0.1701575517654419,absent
c.5514G>C,X23,FUNC,-0.26378808892828,-0.18548420071601868,absent
c.5514G>T,X23,FUNC,-0.0546409806881962,-0.2261057049036026,Likely benign
c.5515T>C,X23,FUNC,-0.0133451257541699,-0.11061543226242065,absent
c.5515T>G,X23,LOF,-1.91087818704072,-0.2190193235874176,absent
c.5516T>A,X23,LOF,-2.96032918974415,-1.7767059803009033,absent
c.5516T>C,X23,LOF,-2.49144382862178,-1.0340385437011719,absent
c.5517G>C,X23,FUNC,-0.234922905900073,-0.7179700136184692,absent
c.5517G>T,X23,FUNC,0.106059676736309,-0.7179700136184692,absent
c.5518G>A,X23,FUNC,0.116605009970786,-1.400612473487854,absent
c.5518G>C,X23,FUNC,-0.46591376590209,-1.2581955194473267,absent
c.5519A>C,X23,FUNC,0.0408873762011184,-0.4600299596786499,absent
c.5519A>G,X23,LOF,-1.36424713854963,-0.7783455848693848,absent
c.5519A>T,X23,LOF,-1.79378434938463,-0.7000694274902344,absent
c.5520C>A,X23,INT,-1.05547664109217,-1.0959070920944214,absent
c.5520C>G,X23,LOF,-1.36946449858641,-1.0959070920944214,absent
c.5520C>T,X23,FUNC,-0.625140475941253,-0.8285938501358032,absent
c.5521A>C,X23,LOF,-1.72209824493603,-1.0074506998062134,Conflicting interpretations of pathogenicity
c.5521A>G,X23,INT,-0.833876805808153,-0.9266119003295898,absent
c.5521A>T,X23,FUNC,-0.023697712368313,-0.549446702003479,absent
c.5522G>A,X23,LOF,-2.26214444108425,-1.4099514484405518,Uncertain significance
c.5522G>C,X23,LOF,-1.86342946322187,-1.1440852880477905,Uncertain significance
c.5522G>T,X23,LOF,-2.18578925794761,-1.3461991548538208,absent
c.5523T>A,X23,LOF,-1.46077385119623,-0.02329401671886444,absent
c.5523T>C,X23,FUNC,0.380065819331908,0.23662976920604706,Likely benign
c.5523T>G,X23,LOF,-2.92956795086696,-0.02329401671886444,absent
c.5524G>A,X23,FUNC,-0.0181064202798805,-0.10497313737869263,absent
c.5524G>C,X23,FUNC,-0.370697641119487,-0.17289717495441437,absent
c.5524G>T,X23,FUNC,-0.680209350711637,-0.17289717495441437,absent
c.5525T>A,X23,LOF,-2.02689288290543,-1.1730233430862427,Uncertain significance
c.5525T>C,X23,LOF,-1.49481133957704,-0.4737080931663513,absent
c.5525T>G,X23,LOF,-1.92243402771164,-1.1061242818832397,absent
c.5526A>C,X23,FUNC,0.280158504771365,-0.09939971566200256,absent
c.5526A>G,X23,FUNC,0.0669709007279156,-0.09939971566200256,Likely benign
c.5526A>T,X23,FUNC,-0.109632717320251,-0.09939971566200256,absent
c.5527G>A,X23,FUNC,-0.0623836375813879,-0.3818886876106262,absent
c.5527G>C,X23,LOF,-2.68452728381937,-1.0999382734298706,Conflicting interpretations of pathogenicity
c.5527G>T,X23,FUNC,0.0603527965291615,-0.2809443771839142,absent
c.5528C>A,X23,LOF,-2.81992075805621,-0.7193757891654968,Uncertain significance
c.5528C>G,X23,FUNC,-0.356104921713679,-0.6564117670059204,absent
c.5528C>T,X23,FUNC,-0.377550923552376,-0.4816039800643921,absent
c.5529A>C,X23,FUNC,0.200973167020785,-0.5386173129081726,Likely benign
c.5529A>G,X23,FUNC,0.439539251835426,-0.5386173129081726,absent
c.5529A>T,X23,FUNC,0.263373096081001,-0.5386173129081726,absent
c.5530C>A,X23,FUNC,-0.268220294647479,0.14754517376422882,Uncertain significance
c.5530C>G,X23,FUNC,0.196108694684712,0.1561652570962906,absent
c.5530C>T,X23,FUNC,-0.170767947483597,0.14366699755191803,absent
c.5531T>A,X23,FUNC,-0.312582722261644,0.09372295439243317,absent
c.5531T>C,X23,FUNC,-0.232681566234374,-0.2514938712120056,Uncertain significance
c.5531T>G,X23,FUNC,-0.0615812686944012,0.01969464123249054,Conflicting interpretations of pathogenicity
c.5532C>A,X23,FUNC,0.119725431646474,0.10866598784923553,absent
c.5532C>G,X23,FUNC,-0.462075941038663,0.10866598784923553,absent
c.5532C>T,X23,FUNC,-0.0755642438834202,0.10866598784923553,Likely benign
c.5533T>A,X23,FUNC,-0.0292407710214643,-1.6012738943099976,absent
c.5533T>C,X23,FUNC,0.121790821529931,-0.9975563287734985,absent
c.5533T>G,X23,INT,-0.811639346202481,-1.5788650512695312,absent
c.5534A>C,X23,FUNC,-0.224533049906489,-0.690349817276001,absent
c.5534A>G,X23,FUNC,0.0417287263347877,-0.5191475749015808,Uncertain significance
c.5534A>T,X23,FUNC,0.115162948712047,-0.34224560856819153,absent
c.5535C>A,X23,LOF,-2.45245088436987,-1.65304696559906,Pathogenic
c.5535C>G,X23,LOF,-2.53143635875928,-1.65304696559906,Pathogenic
c.5535C>T,X23,FUNC,-0.129467374286386,-0.28893518447875977,absent
c.5536C>A,X23,FUNC,-0.0851731720580314,-0.25337570905685425,absent
c.5536C>G,X23,FUNC,-0.193852332471101,-0.1763026863336563,absent
c.5536C>T,X23,LOF,-2.23335377469493,-1.1690164804458618,Pathogenic
c.5537A>C,X23,LOF,-1.96608910711693,-0.27935591340065,absent
c.5537A>G,X23,FUNC,0.280153918644277,0.14646877348423004,absent
c.5537A>T,X23,FUNC,0.0984581445367511,0.13251492381095886,absent
c.5538G>A,X23,FUNC,0.0645680667756681,-0.5150332450866699,Likely benign
c.5538G>C,X23,FUNC,-0.273650343656531,-0.200907900929451,Uncertain significance
c.5538G>T,X23,FUNC,-0.228948399107814,-0.22439220547676086,absent
c.5539T>A,X23,FUNC,-0.100741125364358,-0.2997647523880005,absent
c.5539T>C,X23,FUNC,0.255108725068747,-0.44323432445526123,absent
c.5539T>G,X23,FUNC,-0.0518672147865251,-0.5246267318725586,absent
c.5540G>A,X23,FUNC,0.137716861449271,-0.02637842297554016,absent
c.5540G>C,X23,FUNC,-0.0875868435855337,0.07227933406829834,absent
c.5540G>T,X23,FUNC,-0.497292266098683,-0.11340611428022385,absent
c.5541C>A,X23,LOF,-1.88097436313236,-2.4225080013275146,Pathogenic
c.5541C>G,X23,FUNC,-0.127904430808619,-0.8553110361099243,absent
c.5541C>T,X23,FUNC,-0.116100913284565,-0.6975507736206055,Likely benign
c.5542C>A,X23,FUNC,0.0658253023790965,-0.9260789155960083,absent
c.5542C>G,X23,FUNC,-0.353073612422102,-0.8216159343719482,absent
c.5542C>T,X23,LOF,-2.07308652673108,-2.1243395805358887,Pathogenic
c.5543A>C,X23,LOF,-1.74979878757858,-1.0172309875488281,absent
c.5543A>G,X23,FUNC,0.251439368051422,-0.31222623586654663,absent
c.5543A>T,X23,FUNC,-0.101285457945465,-0.3279411196708679,absent
c.5544G>A,X23,FUNC,-0.463788965932701,-0.42170244455337524,absent
c.5544G>C,X23,FUNC,-0.607000666847142,-0.26611799001693726,absent
c.5544G>T,X23,INT,-1.18084330926485,-0.26611799001693726,absent
c.5545G>A,X23,FUNC,-0.142875393473933,-0.4085882902145386,absent
c.5545G>C,X23,FUNC,0.0470251233972239,-0.08562807738780975,absent
c.5545G>T,X23,LOF,-1.89461419467771,-1.2181967496871948,absent
c.5546A>C,X23,INT,-1.18497765007033,-0.22676795721054077,absent
c.5546A>G,X23,FUNC,-0.444983273687139,-0.5650765299797058,absent
c.5546A>T,X23,INT,-1.00953944603934,-0.4574269652366638,absent
c.5547G>A,X23,FUNC,-0.0310243507498182,-0.019368641078472137,Likely benign
c.5547G>C,X23,FUNC,0.151566408891346,0.10868918895721436,absent
c.5547G>T,X23,FUNC,-0.0840898724121253,0.10868918895721436,absent
c.5548C>A,X23,FUNC,0.168902849034045,-0.7059552073478699,absent
c.5548C>G,X23,FUNC,-0.406771498247903,-0.8805252313613892,absent
c.5548C>T,X23,FUNC,0.566508646859577,-0.8059252500534058,absent
c.5549T>A,X23,FUNC,-0.635649812829347,-1.433193564414978,absent
c.5549T>C,X23,FUNC,0.106617167469741,-2.165395736694336,absent
c.5549T>G,X23,FUNC,-0.185898415178713,-1.4494527578353882,absent
c.5550G>A,X23,INT,-0.843029098067958,-0.6057222485542297,Conflicting interpretations of pathogenicity
c.5550G>C,X23,FUNC,0.136910668395231,-0.7321495413780212,Likely benign
c.5550G>T,X23,FUNC,-0.256372252323303,-0.649314284324646,absent
c.5551G>A,X23,FUNC,-0.253026438355311,-0.4195678234100342,absent
c.5551G>C,X23,FUNC,-0.0442973791968309,-0.24440890550613403,absent
c.5551G>T,X23,FUNC,-0.636700804247161,-0.39275944232940674,absent
c.5552A>C,X23,FUNC,-0.243173680692747,-0.055447064340114594,absent
c.5552A>G,X23,FUNC,-0.328077813881382,-0.24292267858982086,absent
c.5552A>T,X23,FUNC,-0.675031571224461,-0.15378041565418243,absent
c.5553C>A,X23,FUNC,-0.2369283501813,0.08544294536113739,absent
c.5553C>G,X23,FUNC,0.0079617201866092,0.08544294536113739,absent
c.5553C>T,X23,INT,-0.825888553758753,-0.15224073827266693,absent
c.5554A>C,X23,FUNC,-0.0674117123760091,-0.23641100525856018,absent
c.5554A>G,X23,FUNC,0.309628122141978,0.1220247894525528,Uncertain significance
c.5554A>T,X23,FUNC,-0.235598184550869,0.08721292018890381,absent
c.5555C>A,X23,FUNC,-0.0744999668963853,-0.619675874710083,absent
c.5555C>G,X23,FUNC,-0.131134371063331,-0.35580581426620483,absent
c.5555C>T,X23,FUNC,-0.152107501124813,-0.6166253089904785,Uncertain significance
c.5556C>A,X23,FUNC,-0.183735036429715,0.13771148025989532,absent
c.5556C>G,X23,FUNC,-0.225886266553234,0.13771148025989532,Likely benign
c.5556C>T,X23,FUNC,-0.431262926997201,0.13771148025989532,absent
c.5557T>A,X23,LOF,-2.16719537042397,-1.4491981267929077,Uncertain significance
c.5557T>C,X23,LOF,-1.6528829107851,-0.9845830202102661,absent
c.5557T>G,X23,LOF,-3.35137155404902,-1.4870588779449463,absent
c.5558A>C,X23,LOF,-1.6982368729434,-1.3095699548721313,absent
c.5558A>G,X23,LOF,-2.76343815225029,-1.325222373008728,Conflicting interpretations of pathogenicity
c.5558A>T,X23,FUNC,-0.627988107807151,-1.0676175355911255,absent
c.5559C>A,X23,LOF,-1.48991533504616,-1.817582607269287,Pathogenic
c.5559C>G,X23,LOF,-2.15111921617674,-1.817582607269287,absent
c.5559C>T,X23,FUNC,0.0414662990190648,-0.3866838812828064,absent
c.5560C>A,X23,FUNC,-0.0405343404771291,-0.03561350703239441,absent
c.5560C>G,X23,FUNC,0.158476440093227,-0.18538065254688263,absent
c.5560C>T,X23,FUNC,-0.308160232101454,-0.23935720324516296,absent
c.5561T>A,X23,FUNC,0.259387036126831,-0.24852551519870758,absent
c.5561T>C,X23,LOF,-1.34387151005513,-0.980352520942688,Uncertain significance
c.5561T>G,X23,FUNC,0.31245168508289,-0.4010569453239441,absent
c.5562G>A,X23,FUNC,-0.71215947251101,-0.07795605063438416,Likely benign
c.5562G>C,X23,FUNC,-0.279599299148717,-0.025319062173366547,absent
c.5562G>T,X23,FUNC,-0.19148487382304,-0.10580987483263016,absent
c.5563A>C,X23,FUNC,0.233297291159429,0.40449488162994385,absent
c.5563A>G,X23,FUNC,0.0462776303387803,0.11005997657775879,absent
c.5563A>T,X23,FUNC,-0.218033758685176,0.3379526138305664,absent
c.5564T>A,X23,INT,-0.863843894941789,-0.8811704516410828,absent
c.5564T>C,X23,FUNC,-0.291518974161822,-0.589733898639679,Uncertain significance
c.5564T>G,X23,FUNC,-0.464328415526521,-0.7429295778274536,absent
c.5565A>C,X23,FUNC,0.231182686157453,-0.2705259323120117,Likely benign
c.5565A>G,X23,FUNC,0.0219408619017757,-0.0619305782020092,absent
c.5565A>T,X23,FUNC,-0.0153221623501722,-0.2705259323120117,absent
